siren;denominationUsuelleEtablissement;anneeEffectifsEtablissement;trancheEffectifsEtablissement_texte;trancheEffectifsEtablissement
007080021;;2017.0;500 à 999 salariés;41.0
016950842;;2017.0;500 à 999 salariés;41.0
016980062;;2017.0;1 000 à 1 999 salariés;42.0
017251067;;2017.0;500 à 999 salariés;41.0
056501711;;2017.0;1 000 à 1 999 salariés;42.0
056800659;;2017.0;500 à 999 salariés;41.0
058801481;;2017.0;500 à 999 salariés;41.0
059804062;;2017.0;2 000 à 4 999 salariés;51.0
060200128;;2017.0;500 à 999 salariés;41.0
060801388;;2017.0;500 à 999 salariés;41.0
061500245;;2017.0;500 à 999 salariés;41.0
064502636;;2017.0;1 000 à 1 999 salariés;42.0
066305277;;2017.0;500 à 999 salariés;41.0
067800425;;2017.0;500 à 999 salariés;41.0
071502397;;2017.0;1 000 à 1 999 salariés;42.0
072801749;;2017.0;500 à 999 salariés;41.0
085980357;PFEIFFER VACUUM;2017.0;500 à 999 salariés;41.0
086280393;LESILLON.FR LESILLONJOHNDEERE.FR;2017.0;1 000 à 1 999 salariés;42.0
086380730;;2017.0;500 à 999 salariés;41.0
086920394;;2017.0;500 à 999 salariés;41.0
087280061;;2017.0;500 à 999 salariés;41.0
130009186;;2017.0;500 à 999 salariés;41.0
130012024;;2017.0;1 000 à 1 999 salariés;42.0
179101316;;2017.0;1 000 à 1 999 salariés;42.0
180006025;;2017.0;500 à 999 salariés;41.0
180020026;;2017.0;2 000 à 4 999 salariés;51.0
180036014;;2017.0;500 à 999 salariés;41.0
180036048;;2017.0;500 à 999 salariés;41.0
180044174;;2017.0;1 000 à 1 999 salariés;42.0
180046021;;2017.0;1 000 à 1 999 salariés;42.0
180046237;;2017.0;2 000 à 4 999 salariés;51.0
180046252;;2017.0;2 000 à 4 999 salariés;51.0
180046260;;2017.0;1 000 à 1 999 salariés;42.0
180060030;;2017.0;500 à 999 salariés;41.0
180070039;;2017.0;500 à 999 salariés;41.0
180089013;;2017.0;2 000 à 4 999 salariés;51.0
180092447;;2017.0;500 à 999 salariés;41.0
183500016;;2017.0;500 à 999 salariés;41.0
187509013;;2017.0;500 à 999 salariés;41.0
200002970;;2017.0;1 000 à 1 999 salariés;42.0
200011203;;2017.0;1 000 à 1 999 salariés;42.0
200011385;;2017.0;500 à 999 salariés;41.0
200011898;;2017.0;1 000 à 1 999 salariés;42.0
200017986;;2017.0;500 à 999 salariés;41.0
200018034;;2017.0;2 000 à 4 999 salariés;51.0
200018703;;2017.0;500 à 999 salariés;41.0
200023059;;2017.0;2 000 à 4 999 salariés;51.0
200023091;;2017.0;500 à 999 salariés;41.0
200026250;;2017.0;500 à 999 salariés;41.0
200026433;;2017.0;500 à 999 salariés;41.0
200026888;;2017.0;500 à 999 salariés;41.0
200027092;;2017.0;2 000 à 4 999 salariés;51.0
200027233;;2017.0;1 000 à 1 999 salariés;42.0
200029320;;2017.0;2 000 à 4 999 salariés;51.0
200029445;;2017.0;1 000 à 1 999 salariés;42.0
200029619;;2017.0;1 000 à 1 999 salariés;42.0
200030013;;2017.0;2 000 à 4 999 salariés;51.0
200030153;;2017.0;500 à 999 salariés;41.0
200030419;;2017.0;500 à 999 salariés;41.0
200033082;;2017.0;500 à 999 salariés;41.0
200034528;;2017.0;2 000 à 4 999 salariés;51.0
200034650;;2017.0;1 000 à 1 999 salariés;42.0
200034932;;2017.0;1 000 à 1 999 salariés;42.0
200036929;;2017.0;500 à 999 salariés;41.0
200039782;;2017.0;1 000 à 1 999 salariés;42.0
200040699;;2017.0;500 à 999 salariés;41.0
200042166;;2017.0;5 000 à 9 999 salariés;52.0
200044972;;2017.0;1 000 à 1 999 salariés;42.0
200046985;;2017.0;2 000 à 4 999 salariés;51.0
200047827;;2017.0;500 à 999 salariés;41.0
200047835;;2017.0;2 000 à 4 999 salariés;51.0
200048668;;2017.0;1 000 à 1 999 salariés;42.0
200050292;;2017.0;2 000 à 4 999 salariés;51.0
200052744;;2017.0;500 à 999 salariés;41.0
200053098;;2017.0;1 000 à 1 999 salariés;42.0
200055358;;2017.0;5 000 à 9 999 salariés;52.0
200055648;;2017.0;1 000 à 1 999 salariés;42.0
216601369;;2017.0;500 à 999 salariés;41.0
216901231;;2017.0;500 à 999 salariés;41.0
217500016;;2017.0;500 à 999 salariés;41.0
220100010;;2017.0;500 à 999 salariés;41.0
221401185;;2017.0;500 à 999 salariés;41.0
221700016;;2017.0;500 à 999 salariés;41.0
223300013;;2017.0;500 à 999 salariés;41.0
223500018;;2017.0;500 à 999 salariés;41.0
225100015;;2017.0;500 à 999 salariés;41.0
225400019;;2017.0;500 à 999 salariés;41.0
226200012;;2017.0;1 000 à 1 999 salariés;42.0
227500055;;2017.0;500 à 999 salariés;41.0
227605409;;2017.0;500 à 999 salariés;41.0
227700010;;2017.0;500 à 999 salariés;41.0
229740014;;2017.0;500 à 999 salariés;41.0
243300316;;2017.0;1 000 à 1 999 salariés;42.0
256701152;;2017.0;500 à 999 salariés;41.0
257550004;;2017.0;1 000 à 1 999 salariés;42.0
260100045;;2017.0;2 000 à 4 999 salariés;51.0
260110218;;2017.0;500 à 999 salariés;41.0
260200340;;2017.0;1 000 à 1 999 salariés;42.0
260208616;;2017.0;2 000 à 4 999 salariés;51.0
260208624;;2017.0;1 000 à 1 999 salariés;42.0
260208632;;2017.0;500 à 999 salariés;41.0
260208640;;2017.0;500 à 999 salariés;41.0
260208715;;2017.0;1 000 à 1 999 salariés;42.0
260300173;;2017.0;1 000 à 1 999 salariés;42.0
260300264;;2017.0;1 000 à 1 999 salariés;42.0
260303839;;2017.0;1 000 à 1 999 salariés;42.0
260400163;;2017.0;500 à 999 salariés;41.0
260403589;;2017.0;1 000 à 1 999 salariés;42.0
260500046;;2017.0;500 à 999 salariés;41.0
260503479;;2017.0;1 000 à 1 999 salariés;42.0
260600150;;2017.0;1 000 à 1 999 salariés;42.0
260600176;;2017.0;1 000 à 1 999 salariés;42.0
260600200;;2017.0;2 000 à 4 999 salariés;51.0
260600473;;2017.0;500 à 999 salariés;41.0
260600705;;2017.0;2 000 à 4 999 salariés;51.0
260700018;;2017.0;1 000 à 1 999 salariés;42.0
260804893;;2017.0;500 à 999 salariés;41.0
260804901;;2017.0;1 000 à 1 999 salariés;42.0
260804927;;2017.0;500 à 999 salariés;41.0
260900162;;2017.0;500 à 999 salariés;41.0
260900238;;2017.0;1 000 à 1 999 salariés;42.0
261000020;;2017.0;2 000 à 4 999 salariés;51.0
261100028;;2017.0;1 000 à 1 999 salariés;42.0
261100101;;2017.0;500 à 999 salariés;41.0
261200117;;2017.0;1 000 à 1 999 salariés;42.0
261200141;;2017.0;500 à 999 salariés;41.0
261200208;;2017.0;500 à 999 salariés;41.0
261300024;;2017.0;1 000 à 1 999 salariés;42.0
261300040;;2017.0;500 à 999 salariés;41.0
261300057;;2017.0;500 à 999 salariés;41.0
261300065;;2017.0;500 à 999 salariés;41.0
261300073;;2017.0;1 000 à 1 999 salariés;42.0
261300081;;2017.0;5 000 à 9 999 salariés;52.0
261300115;;2017.0;1 000 à 1 999 salariés;42.0
261300198;;2017.0;1 000 à 1 999 salariés;42.0
261300206;;2017.0;1 000 à 1 999 salariés;42.0
261300222;;2017.0;1 000 à 1 999 salariés;42.0
261400915;;2017.0;1 000 à 1 999 salariés;42.0
261400923;;2017.0;1 000 à 1 999 salariés;42.0
261400931;;2017.0;5 000 à 9 999 salariés;52.0
261400972;;2017.0;500 à 999 salariés;41.0
261401004;;2017.0;500 à 999 salariés;41.0
261401277;;2017.0;500 à 999 salariés;41.0
261500136;;2017.0;500 à 999 salariés;41.0
261502843;;2017.0;1 000 à 1 999 salariés;42.0
261600324;;2017.0;500 à 999 salariés;41.0
261600340;;2017.0;2 000 à 4 999 salariés;51.0
261700025;;2017.0;1 000 à 1 999 salariés;42.0
261700330;;2017.0;500 à 999 salariés;41.0
261700355;;2017.0;500 à 999 salariés;41.0
261700397;;2017.0;500 à 999 salariés;41.0
261800056;;2017.0;500 à 999 salariés;41.0
261800072;;2017.0;1 000 à 1 999 salariés;42.0
261800239;;2017.0;500 à 999 salariés;41.0
261803654;;2017.0;500 à 999 salariés;41.0
261903108;;2017.0;1 000 à 1 999 salariés;42.0
261927206;;2017.0;1 000 à 1 999 salariés;42.0
261927503;;2017.0;500 à 999 salariés;41.0
262000060;;2017.0;1 000 à 1 999 salariés;42.0
262000086;;2017.0;500 à 999 salariés;41.0
262000094;;2017.0;2 000 à 4 999 salariés;51.0
262100068;;2017.0;500 à 999 salariés;41.0
262100076;;2017.0;5 000 à 9 999 salariés;52.0
262100183;;2017.0;500 à 999 salariés;41.0
262200025;;2017.0;500 à 999 salariés;41.0
262200074;;2017.0;500 à 999 salariés;41.0
262200082;;2017.0;1 000 à 1 999 salariés;42.0
262200090;;2017.0;2 000 à 4 999 salariés;51.0
262309602;;2017.0;500 à 999 salariés;41.0
262405632;;2017.0;500 à 999 salariés;41.0
262405806;;2017.0;2 000 à 4 999 salariés;51.0
262405988;;2017.0;500 à 999 salariés;41.0
262501760;;2017.0;5 000 à 9 999 salariés;52.0
262504293;;2017.0;500 à 999 salariés;41.0
262504624;;2017.0;1 000 à 1 999 salariés;42.0
262600133;;2017.0;2 000 à 4 999 salariés;51.0
262600141;;2017.0;500 à 999 salariés;41.0
262611098;;2017.0;500 à 999 salariés;41.0
262702780;;2017.0;500 à 999 salariés;41.0
262703044;;2017.0;500 à 999 salariés;41.0
262708746;;2017.0;1 000 à 1 999 salariés;42.0
262800048;;2017.0;2 000 à 4 999 salariés;51.0
262800055;;2017.0;500 à 999 salariés;41.0
262800170;;2017.0;1 000 à 1 999 salariés;42.0
262900020;;2017.0;500 à 999 salariés;41.0
262900038;;2017.0;500 à 999 salariés;41.0
262900053;;2017.0;500 à 999 salariés;41.0
262900061;;2017.0;500 à 999 salariés;41.0
262900095;;2017.0;2 000 à 4 999 salariés;51.0
262903610;;2017.0;2 000 à 4 999 salariés;51.0
263000010;;2017.0;500 à 999 salariés;41.0
263000036;;2017.0;5 000 à 9 999 salariés;52.0
263000135;;2017.0;500 à 999 salariés;41.0
263000176;;2017.0;1 000 à 1 999 salariés;42.0
263100125;;2017.0;5 000 à 9 999 salariés;52.0
263100133;;2017.0;1 000 à 1 999 salariés;42.0
263100182;;2017.0;500 à 999 salariés;41.0
263200040;;2017.0;1 000 à 1 999 salariés;42.0
263305591;;2017.0;500 à 999 salariés;41.0
263305658;;2017.0;2 000 à 4 999 salariés;51.0
263305823;;2017.0;5 000 à 9 999 salariés;52.0
263305849;;2017.0;1 000 à 1 999 salariés;42.0
263305856;;2017.0;1 000 à 1 999 salariés;42.0
263400111;;2017.0;2 000 à 4 999 salariés;51.0
263400160;;2017.0;2 000 à 4 999 salariés;51.0
263403909;;2017.0;1 000 à 1 999 salariés;42.0
263500050;;2017.0;2 000 à 4 999 salariés;51.0
263500068;;2017.0;500 à 999 salariés;41.0
263500076;;2017.0;5 000 à 9 999 salariés;52.0
263500084;;2017.0;500 à 999 salariés;41.0
263500126;;2017.0;500 à 999 salariés;41.0
263500142;;2017.0;2 000 à 4 999 salariés;51.0
263600033;;2017.0;2 000 à 4 999 salariés;51.0
263700189;;2017.0;2 000 à 4 999 salariés;51.0
263703910;;2017.0;500 à 999 salariés;41.0
263707077;;2017.0;500 à 999 salariés;41.0
263800062;;2017.0;1 000 à 1 999 salariés;42.0
263800302;;2017.0;5 000 à 9 999 salariés;52.0
263800328;;2017.0;1 000 à 1 999 salariés;42.0
263800385;;2017.0;500 à 999 salariés;41.0
263900045;;2017.0;1 000 à 1 999 salariés;42.0
263900052;;2017.0;1 000 à 1 999 salariés;42.0
263900144;;2017.0;500 à 999 salariés;41.0
264003328;;2017.0;1 000 à 1 999 salariés;42.0
264004284;;2017.0;1 000 à 1 999 salariés;42.0
264100033;;2017.0;2 000 à 4 999 salariés;51.0
264100124;;2017.0;500 à 999 salariés;41.0
264200130;;2017.0;500 à 999 salariés;41.0
264200270;;2017.0;2 000 à 4 999 salariés;51.0
264200304;;2017.0;2 000 à 4 999 salariés;51.0
264203969;;2017.0;500 à 999 salariés;41.0
264302845;;2017.0;1 000 à 1 999 salariés;42.0
264400136;;2017.0;5 000 à 9 999 salariés;52.0
264400268;;2017.0;2 000 à 4 999 salariés;51.0
264400540;;2017.0;500 à 999 salariés;41.0
264403015;;2017.0;500 à 999 salariés;41.0
264500042;;2017.0;500 à 999 salariés;41.0
264500091;;2017.0;2 000 à 4 999 salariés;51.0
264500224;;2017.0;1 000 à 1 999 salariés;42.0
264600016;;2017.0;1 000 à 1 999 salariés;42.0
264702432;;2017.0;500 à 999 salariés;41.0
264702689;;2017.0;500 à 999 salariés;41.0
264703612;;2017.0;500 à 999 salariés;41.0
264800095;;2017.0;500 à 999 salariés;41.0
264900036;;2017.0;5 000 à 9 999 salariés;52.0
264900390;;2017.0;2 000 à 4 999 salariés;51.0
264900523;;2017.0;500 à 999 salariés;41.0
264900614;;2017.0;500 à 999 salariés;41.0
265001073;;2017.0;1 000 à 1 999 salariés;42.0
265001651;;2017.0;500 à 999 salariés;41.0
265100016;;2017.0;1 000 à 1 999 salariés;42.0
265100024;;2017.0;500 à 999 salariés;41.0
265100057;;2017.0;2 000 à 4 999 salariés;51.0
265109157;;2017.0;500 à 999 salariés;41.0
265200048;;2017.0;500 à 999 salariés;41.0
265205120;;2017.0;500 à 999 salariés;41.0
265205138;;2017.0;500 à 999 salariés;41.0
265300087;;2017.0;500 à 999 salariés;41.0
265300236;;2017.0;1 000 à 1 999 salariés;42.0
265300277;;2017.0;500 à 999 salariés;41.0
265400119;;2017.0;1 000 à 1 999 salariés;42.0
265400200;;2017.0;500 à 999 salariés;41.0
265400317;;2017.0;500 à 999 salariés;41.0
265400911;;2017.0;500 à 999 salariés;41.0
265500025;;2017.0;500 à 999 salariés;41.0
265600023;;2017.0;500 à 999 salariés;41.0
265600056;;2017.0;500 à 999 salariés;41.0
265600262;;2017.0;500 à 999 salariés;41.0
265613349;;2017.0;2 000 à 4 999 salariés;51.0
265613372;;2017.0;2 000 à 4 999 salariés;51.0
265700021;;2017.0;500 à 999 salariés;41.0
265700054;;2017.0;500 à 999 salariés;41.0
265700096;;2017.0;500 à 999 salariés;41.0
265700161;;2017.0;1 000 à 1 999 salariés;42.0
265702803;;2017.0;2 000 à 4 999 salariés;51.0
265703132;;2017.0;500 à 999 salariés;41.0
265906719;;2017.0;5 000 à 9 999 salariés;52.0
265906727;;2017.0;2 000 à 4 999 salariés;51.0
265906735;;2017.0;2 000 à 4 999 salariés;51.0
265906743;;2017.0;1 000 à 1 999 salariés;42.0
265906784;;2017.0;1 000 à 1 999 salariés;42.0
265906818;;2017.0;1 000 à 1 999 salariés;42.0
265906826;;2017.0;2 000 à 4 999 salariés;51.0
265906834;;2017.0;2 000 à 4 999 salariés;51.0
265906958;;2017.0;1 000 à 1 999 salariés;42.0
265906982;;2017.0;1 000 à 1 999 salariés;42.0
265907006;;2017.0;1 000 à 1 999 salariés;42.0
265907063;;2017.0;500 à 999 salariés;41.0
265907071;;2017.0;500 à 999 salariés;41.0
265908707;;2017.0;1 000 à 1 999 salariés;42.0
266006972;;2017.0;2 000 à 4 999 salariés;51.0
266007111;;2017.0;1 000 à 1 999 salariés;42.0
266100486;;2017.0;500 à 999 salariés;41.0
266100502;;2017.0;500 à 999 salariés;41.0
266100577;;2017.0;500 à 999 salariés;41.0
266106046;;2017.0;1 000 à 1 999 salariés;42.0
266209253;;2017.0;2 000 à 4 999 salariés;51.0
266209295;;2017.0;1 000 à 1 999 salariés;42.0
266209303;;2017.0;500 à 999 salariés;41.0
266209329;;2017.0;2 000 à 4 999 salariés;51.0
266209337;;2017.0;500 à 999 salariés;41.0
266209402;;2017.0;2 000 à 4 999 salariés;51.0
266209410;;2017.0;1 000 à 1 999 salariés;42.0
266209667;;2017.0;1 000 à 1 999 salariés;42.0
266209691;;2017.0;500 à 999 salariés;41.0
266307461;;2017.0;2 000 à 4 999 salariés;51.0
266307859;;2017.0;500 à 999 salariés;41.0
266307867;;2017.0;500 à 999 salariés;41.0
266405489;;2017.0;500 à 999 salariés;41.0
266405521;;2017.0;2 000 à 4 999 salariés;51.0
266405612;;2017.0;1 000 à 1 999 salariés;42.0
266405679;;2017.0;2 000 à 4 999 salariés;51.0
266500057;;2017.0;500 à 999 salariés;41.0
266500099;;2017.0;1 000 à 1 999 salariés;42.0
266500107;;2017.0;500 à 999 salariés;41.0
266500180;;2017.0;1 000 à 1 999 salariés;42.0
266600014;;2017.0;500 à 999 salariés;41.0
266600022;;2017.0;2 000 à 4 999 salariés;51.0
266700111;;2017.0;2 000 à 4 999 salariés;51.0
266700228;;2017.0;500 à 999 salariés;41.0
266700319;;2017.0;500 à 999 salariés;41.0
266700574;;2017.0;5 000 à 9 999 salariés;52.0
266700582;;2017.0;500 à 999 salariés;41.0
266706027;;2017.0;1 000 à 1 999 salariés;42.0
266800192;;2017.0;1 000 à 1 999 salariés;42.0
266800903;;2017.0;2 000 à 4 999 salariés;51.0
266900083;;2017.0;2 000 à 4 999 salariés;51.0
266900257;;2017.0;2 000 à 4 999 salariés;51.0
266900273;;2017.0;2 000 à 4 999 salariés;51.0
267006617;;2017.0;1 000 à 1 999 salariés;42.0
267100287;;2017.0;1 000 à 1 999 salariés;42.0
267100337;;2017.0;500 à 999 salariés;41.0
267100444;;2017.0;500 à 999 salariés;41.0
267100766;;2017.0;2 000 à 4 999 salariés;51.0
267100790;;2017.0;500 à 999 salariés;41.0
267200160;;2017.0;2 000 à 4 999 salariés;51.0
267201069;;2017.0;1 000 à 1 999 salariés;42.0
267205482;;2017.0;500 à 999 salariés;41.0
267300044;;2017.0;500 à 999 salariés;41.0
267311090;;2017.0;500 à 999 salariés;41.0
267400026;;2017.0;2 000 à 4 999 salariés;51.0
267400844;;2017.0;1 000 à 1 999 salariés;42.0
267411031;;2017.0;1 000 à 1 999 salariés;42.0
267411080;;2017.0;500 à 999 salariés;41.0
267500049;;2017.0;1 000 à 1 999 salariés;42.0
267500452;;2017.0;5 000 à 9 999 salariés;52.0
267500643;;2017.0;2 000 à 4 999 salariés;51.0
267601615;;2017.0;1 000 à 1 999 salariés;42.0
267601680;;2017.0;5 000 à 9 999 salariés;52.0
267601714;;2017.0;2 000 à 4 999 salariés;51.0
267601722;;2017.0;500 à 999 salariés;41.0
267601763;;2017.0;1 000 à 1 999 salariés;42.0
267602175;;2017.0;1 000 à 1 999 salariés;42.0
267700052;;2017.0;2 000 à 4 999 salariés;51.0
267700086;;2017.0;1 000 à 1 999 salariés;42.0
267800076;;2017.0;1 000 à 1 999 salariés;42.0
267800092;;2017.0;1 000 à 1 999 salariés;42.0
267800100;;2017.0;500 à 999 salariés;41.0
267802387;;2017.0;1 000 à 1 999 salariés;42.0
267802403;;2017.0;500 à 999 salariés;41.0
267802445;;2017.0;500 à 999 salariés;41.0
267802718;;2017.0;2 000 à 4 999 salariés;51.0
267805778;;2017.0;500 à 999 salariés;41.0
267805802;;2017.0;2 000 à 4 999 salariés;51.0
267900017;;2017.0;2 000 à 4 999 salariés;51.0
268000015;;2017.0;1 000 à 1 999 salariés;42.0
268000148;;2017.0;5 000 à 9 999 salariés;52.0
268000296;;2017.0;500 à 999 salariés;41.0
268100013;;2017.0;1 000 à 1 999 salariés;42.0
268100054;;2017.0;1 000 à 1 999 salariés;42.0
268100088;;2017.0;500 à 999 salariés;41.0
268200078;;2017.0;1 000 à 1 999 salariés;42.0
268300027;;2017.0;500 à 999 salariés;41.0
268300050;;2017.0;500 à 999 salariés;41.0
268300084;;2017.0;500 à 999 salariés;41.0
268300126;;2017.0;2 000 à 4 999 salariés;51.0
268300217;;2017.0;1 000 à 1 999 salariés;42.0
268300241;;2017.0;1 000 à 1 999 salariés;42.0
268400090;;2017.0;2 000 à 4 999 salariés;51.0
268400165;;2017.0;2 000 à 4 999 salariés;51.0
268400223;;2017.0;500 à 999 salariés;41.0
268400264;;2017.0;500 à 999 salariés;41.0
268403441;;2017.0;500 à 999 salariés;41.0
268500196;;2017.0;500 à 999 salariés;41.0
268500303;;2017.0;500 à 999 salariés;41.0
268502416;;2017.0;1 000 à 1 999 salariés;42.0
268502424;;2017.0;2 000 à 4 999 salariés;51.0
268504453;;2017.0;1 000 à 1 999 salariés;42.0
268600020;;2017.0;1 000 à 1 999 salariés;42.0
268708500;;2017.0;1 000 à 1 999 salariés;42.0
268708518;;2017.0;2 000 à 4 999 salariés;51.0
268708526;;2017.0;500 à 999 salariés;41.0
268715406;;2017.0;500 à 999 salariés;41.0
268800133;;2017.0;500 à 999 salariés;41.0
268800315;;2017.0;500 à 999 salariés;41.0
268800844;;2017.0;500 à 999 salariés;41.0
268900024;;2017.0;500 à 999 salariés;41.0
268900057;;2017.0;2 000 à 4 999 salariés;51.0
268900230;;2017.0;1 000 à 1 999 salariés;42.0
269100012;;2017.0;500 à 999 salariés;41.0
269100046;;2017.0;2 000 à 4 999 salariés;51.0
269100095;;2017.0;1 000 à 1 999 salariés;42.0
269102141;;2017.0;1 000 à 1 999 salariés;42.0
269102240;;2017.0;1 000 à 1 999 salariés;42.0
269201331;;2017.0;500 à 999 salariés;41.0
269201380;;2017.0;1 000 à 1 999 salariés;42.0
269201414;;2017.0;500 à 999 salariés;41.0
269201547;;2017.0;1 000 à 1 999 salariés;42.0
269300935;;2017.0;2 000 à 4 999 salariés;51.0
269301016;;2017.0;2 000 à 4 999 salariés;51.0
269301164;;2017.0;2 000 à 4 999 salariés;51.0
269301248;;2017.0;2 000 à 4 999 salariés;51.0
269302618;;2017.0;1 000 à 1 999 salariés;42.0
269401063;;2017.0;1 000 à 1 999 salariés;42.0
269401154;;2017.0;2 000 à 4 999 salariés;51.0
269401204;;2017.0;2 000 à 4 999 salariés;51.0
269401345;;2017.0;1 000 à 1 999 salariés;42.0
269500047;;2017.0;2 000 à 4 999 salariés;51.0
269500088;;2017.0;500 à 999 salariés;41.0
269500153;;2017.0;2 000 à 4 999 salariés;51.0
269501631;;2017.0;2 000 à 4 999 salariés;51.0
269504726;;2017.0;2 000 à 4 999 salariés;51.0
269710414;;2017.0;2 000 à 4 999 salariés;51.0
269710448;;2017.0;500 à 999 salariés;41.0
269710877;;2017.0;500 à 999 salariés;41.0
269720728;;2017.0;1 000 à 1 999 salariés;42.0
269733028;;2017.0;2 000 à 4 999 salariés;51.0
269733119;;2017.0;500 à 999 salariés;41.0
269740114;;2017.0;500 à 999 salariés;41.0
269740353;;2017.0;500 à 999 salariés;41.0
269741187;;2017.0;500 à 999 salariés;41.0
269742144;;2017.0;500 à 999 salariés;41.0
269742318;;2017.0;1 000 à 1 999 salariés;42.0
279200224;;2017.0;500 à 999 salariés;41.0
279300198;;2017.0;500 à 999 salariés;41.0
300684727;;2017.0;500 à 999 salariés;41.0
300702305;;2017.0;500 à 999 salariés;41.0
300758109;;2017.0;500 à 999 salariés;41.0
301251880;;2017.0;2 000 à 4 999 salariés;51.0
301309605;;2017.0;500 à 999 salariés;41.0
301374690;;2017.0;1 000 à 1 999 salariés;42.0
301374922;;2017.0;500 à 999 salariés;41.0
301501391;;2017.0;500 à 999 salariés;41.0
301503231;;2017.0;500 à 999 salariés;41.0
301520920;;2017.0;1 000 à 1 999 salariés;42.0
301763405;;2017.0;500 à 999 salariés;41.0
301790705;;2017.0;1 000 à 1 999 salariés;42.0
301850277;;2017.0;500 à 999 salariés;41.0
302079462;;2017.0;500 à 999 salariés;41.0
302264262;;2017.0;500 à 999 salariés;41.0
302333075;;2017.0;500 à 999 salariés;41.0
302421193;;2017.0;500 à 999 salariés;41.0
302507652;;2017.0;500 à 999 salariés;41.0
302588462;;2017.0;1 000 à 1 999 salariés;42.0
302891114;;2017.0;500 à 999 salariés;41.0
303236186;CGI FINANCE;2017.0;500 à 999 salariés;41.0
303409593;ELIOR SERVICES PROPRETE ET ELIOR SERVICES SANTE;2017.0;2 000 à 4 999 salariés;51.0
303742480;;2017.0;500 à 999 salariés;41.0
303970230;;2017.0;500 à 999 salariés;41.0
304187701;;2017.0;2 000 à 4 999 salariés;51.0
304497852;;2017.0;1 000 à 1 999 salariés;42.0
304602956;U ENSEIGNE;2017.0;500 à 999 salariés;41.0
304634975;;2017.0;500 à 999 salariés;41.0
304765332;PUBLICIS ETOILE-AXONE, PUBLICIS VICOM, FCA ! BMZ, 133;2017.0;500 à 999 salariés;41.0
305007585;;2017.0;500 à 999 salariés;41.0
305009102;;2017.0;500 à 999 salariés;41.0
305109779;;2017.0;500 à 999 salariés;41.0
305207169;ORANO CYCLE;2017.0;2 000 à 4 999 salariés;51.0
305321929;;2017.0;500 à 999 salariés;41.0
305394397;;2017.0;500 à 999 salariés;41.0
305690158;;2017.0;500 à 999 salariés;41.0
305823296;M&L;2017.0;500 à 999 salariés;41.0
305898595;;2017.0;500 à 999 salariés;41.0
306138900;;2017.0;1 000 à 1 999 salariés;42.0
306522665;EUROFIL BY AVIVA;2017.0;500 à 999 salariés;41.0
307378489;;2017.0;500 à 999 salariés;41.0
308077635;;2017.0;2 000 à 4 999 salariés;51.0
308197185;;2017.0;500 à 999 salariés;41.0
308435460;;2017.0;500 à 999 salariés;41.0
308973239;;2017.0;500 à 999 salariés;41.0
309064947;;2017.0;500 à 999 salariés;41.0
309065043;;2017.0;500 à 999 salariés;41.0
309073625;;2017.0;1 000 à 1 999 salariés;42.0
309755387;;2017.0;500 à 999 salariés;41.0
309812840;;2017.0;1 000 à 1 999 salariés;42.0
309835478;;2017.0;500 à 999 salariés;41.0
309954006;;2017.0;1 000 à 1 999 salariés;42.0
310370754;;2017.0;500 à 999 salariés;41.0
310391503;;2017.0;500 à 999 salariés;41.0
310601687;;2017.0;500 à 999 salariés;41.0
310850342;;2017.0;500 à 999 salariés;41.0
310923008;SODEXO EN FRANCE;2017.0;500 à 999 salariés;41.0
311043194;;2017.0;500 à 999 salariés;41.0
311248637;GRAS SAVOYE RHONE ALPES AUVERGNE - GRAS SAVOYE MEDITERRANEE - GRAS SAVOYE NORD - GRAS SAVOYE CREDIT;2017.0;500 à 999 salariés;41.0
311338339;;2017.0;500 à 999 salariés;41.0
311567416;;2017.0;500 à 999 salariés;41.0
312347362;;2017.0;500 à 999 salariés;41.0
312454838;;2017.0;500 à 999 salariés;41.0
313414062;;2017.0;500 à 999 salariés;41.0
313536898;;2017.0;500 à 999 salariés;41.0
313777997;;2017.0;500 à 999 salariés;41.0
313966129;;2017.0;1 000 à 1 999 salariés;42.0
314397670;;2017.0;500 à 999 salariés;41.0
314397696;;2017.0;1 000 à 1 999 salariés;42.0
314428186;OAPLF;2017.0;500 à 999 salariés;41.0
314684960;;2017.0;2 000 à 4 999 salariés;51.0
314722026;;2017.0;2 000 à 4 999 salariés;51.0
314871815;;2017.0;1 000 à 1 999 salariés;42.0
315000943;;2017.0;500 à 999 salariés;41.0
315013359;;2017.0;1 000 à 1 999 salariés;42.0
315065292;;2017.0;500 à 999 salariés;41.0
315161141;;2017.0;500 à 999 salariés;41.0
315268664;;2017.0;1 000 à 1 999 salariés;42.0
315549352;;2017.0;500 à 999 salariés;41.0
315597500;;2017.0;500 à 999 salariés;41.0
315666958;;2017.0;1 000 à 1 999 salariés;42.0
315965269;;2017.0;500 à 999 salariés;41.0
315999201;MOILLARD;2017.0;500 à 999 salariés;41.0
316016930;;2017.0;500 à 999 salariés;41.0
316331065;;2017.0;500 à 999 salariés;41.0
317032779;;2017.0;500 à 999 salariés;41.0
317082907;;2017.0;500 à 999 salariés;41.0
317099679;;2017.0;500 à 999 salariés;41.0
317193860;;2017.0;500 à 999 salariés;41.0
317236248;;2017.0;500 à 999 salariés;41.0
317358380;;2017.0;1 000 à 1 999 salariés;42.0
317425981;"PSA FINANCE FRANCE ; FREE2MOVE LEASE ; SOFIRA";2017.0;500 à 999 salariés;41.0
317705226;;2017.0;500 à 999 salariés;41.0
317750818;;2017.0;500 à 999 salariés;41.0
318246899;;2017.0;2 000 à 4 999 salariés;51.0
318732880;;2017.0;500 à 999 salariés;41.0
318826187;;2017.0;500 à 999 salariés;41.0
319060075;;2017.0;500 à 999 salariés;41.0
319137576;;2017.0;500 à 999 salariés;41.0
319159877;;2017.0;1 000 à 1 999 salariés;42.0
319378832;;2017.0;500 à 999 salariés;41.0
319416756;;2017.0;500 à 999 salariés;41.0
319632790;;2017.0;500 à 999 salariés;41.0
319851408;;2017.0;2 000 à 4 999 salariés;51.0
320153398;;2017.0;500 à 999 salariés;41.0
320252489;BPIFRANCE;2017.0;1 000 à 1 999 salariés;42.0
320342264;;2017.0;500 à 999 salariés;41.0
320442726;;2017.0;500 à 999 salariés;41.0
320443393;;2017.0;500 à 999 salariés;41.0
320662612;;2017.0;1 000 à 1 999 salariés;42.0
320991466;;2017.0;500 à 999 salariés;41.0
321006892;;2017.0;1 000 à 1 999 salariés;42.0
321164626;;2017.0;500 à 999 salariés;41.0
321165045;;2017.0;500 à 999 salariés;41.0
321616914;;2017.0;500 à 999 salariés;41.0
322306440;;2017.0;2 000 à 4 999 salariés;51.0
323077867;SOCIETE CENTRALE DES ENTREPRISES SEGEX;2017.0;500 à 999 salariés;41.0
323140392;;2017.0;500 à 999 salariés;41.0
323317032;;2017.0;500 à 999 salariés;41.0
323379040;;2017.0;500 à 999 salariés;41.0
323438028;;2017.0;500 à 999 salariés;41.0
323438515;;2017.0;500 à 999 salariés;41.0
323650945;;2017.0;500 à 999 salariés;41.0
323686691;;2017.0;500 à 999 salariés;41.0
323768283;;2017.0;500 à 999 salariés;41.0
323932236;;2017.0;500 à 999 salariés;41.0
324095884;;2017.0;1 000 à 1 999 salariés;42.0
324103829;;2017.0;500 à 999 salariés;41.0
324286319;;2017.0;500 à 999 salariés;41.0
325307106;;2017.0;1 000 à 1 999 salariés;42.0
325520898;MOBALPA - TIPI - DELPHA - AXESS - MISE EN SCENE - PERENE - DOMACTIS - DELPHY;2017.0;500 à 999 salariés;41.0
325685139;;2017.0;500 à 999 salariés;41.0
325720720;;2017.0;1 000 à 1 999 salariés;42.0
325793826;;2017.0;500 à 999 salariés;41.0
325820751;SALOMON;2017.0;500 à 999 salariés;41.0
325821072;NTN-SNR;2017.0;1 000 à 1 999 salariés;42.0
325932994;;2017.0;500 à 999 salariés;41.0
326094471;;2017.0;2 000 à 4 999 salariés;51.0
326180544;;2017.0;500 à 999 salariés;41.0
326300159;;2017.0;1 000 à 1 999 salariés;42.0
326784709;;2017.0;500 à 999 salariés;41.0
326820065;;2017.0;2 000 à 4 999 salariés;51.0
327155099;;2017.0;500 à 999 salariés;41.0
327733184;;2017.0;1 000 à 1 999 salariés;42.0
327733432;ISAGRI AGIRIS TERRE-NET SO'NEO;2017.0;500 à 999 salariés;41.0
327917118;OCTOPUS SECURITE;2017.0;1 000 à 1 999 salariés;42.0
327948907;;2017.0;500 à 999 salariés;41.0
327991774;;2017.0;500 à 999 salariés;41.0
328031042;;2017.0;500 à 999 salariés;41.0
328427075;;2017.0;500 à 999 salariés;41.0
328621586;;2017.0;1 000 à 1 999 salariés;42.0
328899042;;2017.0;1 000 à 1 999 salariés;42.0
328931613;;2017.0;500 à 999 salariés;41.0
329035422;;2017.0;500 à 999 salariés;41.0
329211734;;2017.0;500 à 999 salariés;41.0
329426340;;2017.0;500 à 999 salariés;41.0
329450738;NATIXIS AM - NATIXIS GLOBAL AM - NATIXIS GLOBAL ASSET MANAGEMENT -;2017.0;500 à 999 salariés;41.0
330139403;;2017.0;500 à 999 salariés;41.0
330565334;;2017.0;500 à 999 salariés;41.0
330715368;;2017.0;500 à 999 salariés;41.0
330730771;BAREP;2017.0;500 à 999 salariés;41.0
331089474;;2017.0;500 à 999 salariés;41.0
331310870;;2017.0;500 à 999 salariés;41.0
331312108;;2017.0;500 à 999 salariés;41.0
331377036;BOARDRIDERS GROUP;2017.0;500 à 999 salariés;41.0
331596270;;2017.0;500 à 999 salariés;41.0
331620096;DILLINGER FRANCE;2017.0;500 à 999 salariés;41.0
331930081;;2017.0;500 à 999 salariés;41.0
332875913;;2017.0;500 à 999 salariés;41.0
333352524;;2017.0;500 à 999 salariés;41.0
333491066;;2017.0;500 à 999 salariés;41.0
334171113;;2017.0;500 à 999 salariés;41.0
334240033;;2017.0;500 à 999 salariés;41.0
334736147;;2017.0;500 à 999 salariés;41.0
334835709;;2017.0;500 à 999 salariés;41.0
335092318;;2017.0;1 000 à 1 999 salariés;42.0
335146312;;2017.0;500 à 999 salariés;41.0
335278578;;2017.0;500 à 999 salariés;41.0
337180160;;2017.0;500 à 999 salariés;41.0
337545941;;2017.0;500 à 999 salariés;41.0
337621841;;2017.0;1 000 à 1 999 salariés;42.0
338112733;;2017.0;1 000 à 1 999 salariés;42.0
338154610;;2017.0;500 à 999 salariés;41.0
338246317;;2017.0;1 000 à 1 999 salariés;42.0
338460017;;2017.0;500 à 999 salariés;41.0
338481955;;2017.0;2 000 à 4 999 salariés;51.0
338695869;;2017.0;1 000 à 1 999 salariés;42.0
338723919;;2017.0;500 à 999 salariés;41.0
339012452;;2017.0;500 à 999 salariés;41.0
339105553;;2017.0;500 à 999 salariés;41.0
339196685;;2017.0;500 à 999 salariés;41.0
339447534;;2017.0;1 000 à 1 999 salariés;42.0
339488777;;2017.0;500 à 999 salariés;41.0
339718421;;2017.0;1 000 à 1 999 salariés;42.0
339750226;;2017.0;500 à 999 salariés;41.0
339766867;;2017.0;500 à 999 salariés;41.0
339812059;;2017.0;500 à 999 salariés;41.0
340035526;;2017.0;1 000 à 1 999 salariés;42.0
340234962;;2017.0;500 à 999 salariés;41.0
340373687;;2017.0;1 000 à 1 999 salariés;42.0
340427616;;2017.0;500 à 999 salariés;41.0
340641216;DERICHEBOURG ATIS AERONAUTIQUE;2017.0;1 000 à 1 999 salariés;42.0
340709534;;2017.0;500 à 999 salariés;41.0
341039105;;2017.0;500 à 999 salariés;41.0
341095735;;2017.0;500 à 999 salariés;41.0
341100592;;2017.0;500 à 999 salariés;41.0
341152395;;2017.0;2 000 à 4 999 salariés;51.0
341192227;;2017.0;500 à 999 salariés;41.0
341429488;;2017.0;500 à 999 salariés;41.0
341459386;;2017.0;1 000 à 1 999 salariés;42.0
341737062;;2017.0;1 000 à 1 999 salariés;42.0
341749349;MAHOLA HOTESSES;2017.0;500 à 999 salariés;41.0
341785632;;2017.0;1 000 à 1 999 salariés;42.0
342012390;;2017.0;500 à 999 salariés;41.0
342192150;;2017.0;500 à 999 salariés;41.0
342386232;;2017.0;500 à 999 salariés;41.0
342874617;;2017.0;1 000 à 1 999 salariés;42.0
343059564;;2017.0;2 000 à 4 999 salariés;51.0
343088134;;2017.0;1 000 à 1 999 salariés;42.0
343115135;GROUPAMA ASSURANCES MUTUELLES;2017.0;1 000 à 1 999 salariés;42.0
343207916;;2017.0;500 à 999 salariés;41.0
343262622;LIDL;2017.0;500 à 999 salariés;41.0
343286183;;2017.0;1 000 à 1 999 salariés;42.0
343321618;;2017.0;1 000 à 1 999 salariés;42.0
343485116;;2017.0;500 à 999 salariés;41.0
343688016;CCEP FRANCE;2017.0;1 000 à 1 999 salariés;42.0
343902136;;2017.0;1 000 à 1 999 salariés;42.0
343952859;;2017.0;500 à 999 salariés;41.0
343958138;;2017.0;500 à 999 salariés;41.0
344077672;;2017.0;500 à 999 salariés;41.0
344122262;;2017.0;500 à 999 salariés;41.0
344347232;;2017.0;500 à 999 salariés;41.0
344496252;;2017.0;2 000 à 4 999 salariés;51.0
344636477;GSF OCCITANIA;2017.0;500 à 999 salariés;41.0
344748041;MYMILLEIS;2017.0;500 à 999 salariés;41.0
344810825;PARIS HABITAT;2017.0;2 000 à 4 999 salariés;51.0
345006027;;2017.0;500 à 999 salariés;41.0
345130488;;2017.0;500 à 999 salariés;41.0
345155337;;2017.0;500 à 999 salariés;41.0
345197552;;2017.0;2 000 à 4 999 salariés;51.0
347384570;;2017.0;500 à 999 salariés;41.0
347490070;;2017.0;500 à 999 salariés;41.0
347555559;;2017.0;500 à 999 salariés;41.0
347570350;;2017.0;500 à 999 salariés;41.0
347662454;;2017.0;1 000 à 1 999 salariés;42.0
347902587;;2017.0;1 000 à 1 999 salariés;42.0
347939415;;2017.0;500 à 999 salariés;41.0
348006446;;2017.0;1 000 à 1 999 salariés;42.0
348607417;;2017.0;5 000 à 9 999 salariés;52.0
349069047;;2017.0;500 à 999 salariés;41.0
349166561;;2017.0;500 à 999 salariés;41.0
349357343;;2017.0;1 000 à 1 999 salariés;42.0
349505370;;2017.0;2 000 à 4 999 salariés;51.0
349942458;;2017.0;1 000 à 1 999 salariés;42.0
349974931;;2017.0;500 à 999 salariés;41.0
350050589;;2017.0;500 à 999 salariés;41.0
350665022;;2017.0;500 à 999 salariés;41.0
350693586;;2017.0;1 000 à 1 999 salariés;42.0
350834297;CONCENTRIX FRANCE;2017.0;500 à 999 salariés;41.0
351005582;;2017.0;2 000 à 4 999 salariés;51.0
351111166;;2017.0;500 à 999 salariés;41.0
351140231;;2017.0;500 à 999 salariés;41.0
351151196;;2017.0;500 à 999 salariés;41.0
351347232;;2017.0;500 à 999 salariés;41.0
351359021;;2017.0;500 à 999 salariés;41.0
351528229;;2017.0;1 000 à 1 999 salariés;42.0
351630371;;2017.0;1 000 à 1 999 salariés;42.0
351804042;DEXIA;2017.0;500 à 999 salariés;41.0
351825419;;2017.0;500 à 999 salariés;41.0
351867692;;2017.0;500 à 999 salariés;41.0
352033914;;2017.0;500 à 999 salariés;41.0
352050512;SAFRAN NACELLES;2017.0;1 000 à 1 999 salariés;42.0
352170013;;2017.0;1 000 à 1 999 salariés;42.0
352256424;;2017.0;500 à 999 salariés;41.0
352383715;;2017.0;5 000 à 9 999 salariés;52.0
352529499;;2017.0;500 à 999 salariés;41.0
352649339;;2017.0;500 à 999 salariés;41.0
352876197;;2017.0;500 à 999 salariés;41.0
352905707;;2017.0;1 000 à 1 999 salariés;42.0
353150261;MODIS;2017.0;500 à 999 salariés;41.0
353296445;;2017.0;500 à 999 salariés;41.0
353513450;;2017.0;500 à 999 salariés;41.0
353522204;;2017.0;1 000 à 1 999 salariés;42.0
353534506;;2017.0;500 à 999 salariés;41.0
353735657;;2017.0;500 à 999 salariés;41.0
353786841;;2017.0;500 à 999 salariés;41.0
353861909;;2017.0;500 à 999 salariés;41.0
353944093;;2017.0;500 à 999 salariés;41.0
356000000;;2017.0;2 000 à 4 999 salariés;51.0
356500595;;2017.0;500 à 999 salariés;41.0
356801571;;2017.0;500 à 999 salariés;41.0
357200054;;2017.0;2 000 à 4 999 salariés;51.0
358802296;;2017.0;500 à 999 salariés;41.0
361200389;;2017.0;500 à 999 salariés;41.0
367500931;;2017.0;500 à 999 salariés;41.0
372800227;;2017.0;500 à 999 salariés;41.0
376080487;;2017.0;500 à 999 salariés;41.0
377550249;HAPSIS;2017.0;1 000 à 1 999 salariés;42.0
377679840;;2017.0;500 à 999 salariés;41.0
377714654;;2017.0;1 000 à 1 999 salariés;42.0
377768601;;2017.0;500 à 999 salariés;41.0
378016893;;2017.0;500 à 999 salariés;41.0
378040497;;2017.0;500 à 999 salariés;41.0
378072144;;2017.0;500 à 999 salariés;41.0
378168470;;2017.0;2 000 à 4 999 salariés;51.0
378442982;;2017.0;500 à 999 salariés;41.0
378570261;;2017.0;1 000 à 1 999 salariés;42.0
378901946;;2017.0;1 000 à 1 999 salariés;42.0
378928808;;2017.0;500 à 999 salariés;41.0
379155369;;2017.0;500 à 999 salariés;41.0
379639867;;2017.0;500 à 999 salariés;41.0
379642481;;2017.0;500 à 999 salariés;41.0
379706344;;2017.0;500 à 999 salariés;41.0
379821994;;2017.0;1 000 à 1 999 salariés;42.0
379834906;;2017.0;500 à 999 salariés;41.0
379906753;;2017.0;500 à 999 salariés;41.0
379914237;;2017.0;1 000 à 1 999 salariés;42.0
380089664;;2017.0;500 à 999 salariés;41.0
380110304;;2017.0;1 000 à 1 999 salariés;42.0
380129866;;2017.0;2 000 à 4 999 salariés;51.0
380160952;;2017.0;500 à 999 salariés;41.0
380342808;;2017.0;1 000 à 1 999 salariés;42.0
380347591;;2017.0;500 à 999 salariés;41.0
380386854;;2017.0;500 à 999 salariés;41.0
380484766;;2017.0;500 à 999 salariés;41.0
380932590;;2017.0;1 000 à 1 999 salariés;42.0
381031285;;2017.0;1 000 à 1 999 salariés;42.0
381043686;;2017.0;500 à 999 salariés;41.0
381162197;;2017.0;500 à 999 salariés;41.0
381345941;;2017.0;500 à 999 salariés;41.0
381511039;;2017.0;500 à 999 salariés;41.0
381762038;;2017.0;500 à 999 salariés;41.0
381976448;;2017.0;1 000 à 1 999 salariés;42.0
381983568;SEEQUALIS;2017.0;1 000 à 1 999 salariés;42.0
381984921;;2017.0;500 à 999 salariés;41.0
382017143;;2017.0;500 à 999 salariés;41.0
382204519;;2017.0;500 à 999 salariés;41.0
382241669;ISIS MCTSP GROUP;2017.0;500 à 999 salariés;41.0
382279974;;2017.0;500 à 999 salariés;41.0
382403632;;2017.0;500 à 999 salariés;41.0
382587558;;2017.0;1 000 à 1 999 salariés;42.0
382597821;;2017.0;500 à 999 salariés;41.0
382814150;;2017.0;500 à 999 salariés;41.0
382865624;;2017.0;500 à 999 salariés;41.0
382900942;;2017.0;1 000 à 1 999 salariés;42.0
383000692;CAISSE D'EPARGNE PICARDIE;2017.0;1 000 à 1 999 salariés;42.0
383300597;;2017.0;500 à 999 salariés;41.0
383354594;;2017.0;500 à 999 salariés;41.0
383439056;;2017.0;500 à 999 salariés;41.0
383470937;;2017.0;2 000 à 4 999 salariés;51.0
383474814;;2017.0;5 000 à 9 999 salariés;52.0
383474889;FSP;2017.0;500 à 999 salariés;41.0
383475092;;2017.0;1 000 à 1 999 salariés;42.0
383537784;;2017.0;500 à 999 salariés;41.0
383610623;S.P.C.;2017.0;500 à 999 salariés;41.0
383703873;;2017.0;500 à 999 salariés;41.0
383844693;;2017.0;500 à 999 salariés;41.0
383872892;;2017.0;500 à 999 salariés;41.0
383960135;;2017.0;500 à 999 salariés;41.0
383986874;;2017.0;1 000 à 1 999 salariés;42.0
384006029;;2017.0;500 à 999 salariés;41.0
384030680;;2017.0;500 à 999 salariés;41.0
384137857;SIGVARIS;2017.0;500 à 999 salariés;41.0
384343620;;2017.0;1 000 à 1 999 salariés;42.0
384493284;;2017.0;500 à 999 salariés;41.0
384560942;;2017.0;1 000 à 1 999 salariés;42.0
384627170;;2017.0;500 à 999 salariés;41.0
384711909;;2017.0;500 à 999 salariés;41.0
384899399;;2017.0;1 000 à 1 999 salariés;42.0
385171582;;2017.0;500 à 999 salariés;41.0
385365713;;2017.0;2 000 à 4 999 salariés;51.0
387944259;;2017.0;500 à 999 salariés;41.0
387944796;;2017.0;500 à 999 salariés;41.0
387949530;;2017.0;1 000 à 1 999 salariés;42.0
388698201;;2017.0;500 à 999 salariés;41.0
388734568;;2017.0;500 à 999 salariés;41.0
388818726;;2017.0;500 à 999 salariés;41.0
388866212;;2017.0;500 à 999 salariés;41.0
389191800;;2017.0;1 000 à 1 999 salariés;42.0
389191982;;2017.0;1 000 à 1 999 salariés;42.0
389192030;;2017.0;500 à 999 salariés;41.0
389272295;;2017.0;500 à 999 salariés;41.0
389290586;;2017.0;500 à 999 salariés;41.0
389297664;;2017.0;500 à 999 salariés;41.0
389470303;;2017.0;500 à 999 salariés;41.0
389534256;;2017.0;500 à 999 salariés;41.0
389613365;;2017.0;500 à 999 salariés;41.0
389652553;;2017.0;500 à 999 salariés;41.0
390282648;SERMETA;2017.0;500 à 999 salariés;41.0
390426450;;2017.0;1 000 à 1 999 salariés;42.0
390555076;;2017.0;1 000 à 1 999 salariés;42.0
391007457;;2017.0;500 à 999 salariés;41.0
391125796;;2017.0;2 000 à 4 999 salariés;51.0
391182805;;2017.0;500 à 999 salariés;41.0
391504693;;2017.0;1 000 à 1 999 salariés;42.0
391543576;;2017.0;500 à 999 salariés;41.0
391548955;;2017.0;1 000 à 1 999 salariés;42.0
391637865;;2017.0;2 000 à 4 999 salariés;51.0
391716123;;2017.0;500 à 999 salariés;41.0
392860243;;2017.0;500 à 999 salariés;41.0
392901856;;2017.0;500 à 999 salariés;41.0
393135298;;2017.0;500 à 999 salariés;41.0
393162433;;2017.0;1 000 à 1 999 salariés;42.0
393291042;;2017.0;500 à 999 salariés;41.0
393341516;EADS ASTRIUM;2017.0;2 000 à 4 999 salariés;51.0
393341540;;2017.0;500 à 999 salariés;41.0
393361134;;2017.0;500 à 999 salariés;41.0
393365135;TICKET RESTAURANT - ACCENTIV';2017.0;500 à 999 salariés;41.0
393379870;;2017.0;1 000 à 1 999 salariés;42.0
394026934;PROSERVIA;2017.0;1 000 à 1 999 salariés;42.0
394094130;;2017.0;500 à 999 salariés;41.0
394157085;;2017.0;1 000 à 1 999 salariés;42.0
394164966;;2017.0;500 à 999 salariés;41.0
394671820;;2017.0;500 à 999 salariés;41.0
394895833;;2017.0;500 à 999 salariés;41.0
395001852;;2017.0;500 à 999 salariés;41.0
395780059;;2017.0;500 à 999 salariés;41.0
397471822;DISNEYLAND PARIS;2017.0;5 000 à 9 999 salariés;52.0
397480930;;2017.0;2 000 à 4 999 salariés;51.0
398110445;;2017.0;500 à 999 salariés;41.0
398219626;;2017.0;500 à 999 salariés;41.0
398796383;;2017.0;500 à 999 salariés;41.0
398824714;;2017.0;1 000 à 1 999 salariés;42.0
398972901;;2017.0;1 000 à 1 999 salariés;42.0
399227354;;2017.0;500 à 999 salariés;41.0
399315613;;2017.0;500 à 999 salariés;41.0
399354810;;2017.0;1 000 à 1 999 salariés;42.0
399394204;;2017.0;500 à 999 salariés;41.0
399395581;;2017.0;2 000 à 4 999 salariés;51.0
399780097;;2017.0;500 à 999 salariés;41.0
399898345;;2017.0;500 à 999 salariés;41.0
399933159;;2017.0;500 à 999 salariés;41.0
399973825;;2017.0;1 000 à 1 999 salariés;42.0
400357885;;2017.0;1 000 à 1 999 salariés;42.0
400555884;CAPITAL SECURITE;2017.0;500 à 999 salariés;41.0
400752028;;2017.0;500 à 999 salariés;41.0
400868188;;2017.0;500 à 999 salariés;41.0
400892105;;2017.0;500 à 999 salariés;41.0
401722012;;2017.0;500 à 999 salariés;41.0
401772710;ITIREMIA;2017.0;500 à 999 salariés;41.0
401858659;;2017.0;500 à 999 salariés;41.0
401948245;;2017.0;1 000 à 1 999 salariés;42.0
401972476;;2017.0;500 à 999 salariés;41.0
402121958;CRAM SUD RHONE ALPES;2017.0;1 000 à 1 999 salariés;42.0
402171656;;2017.0;500 à 999 salariés;41.0
402202386;;2017.0;500 à 999 salariés;41.0
402222483;;2017.0;500 à 999 salariés;41.0
402293450;;2017.0;500 à 999 salariés;41.0
402928766;;2017.0;500 à 999 salariés;41.0
402965297;;2017.0;500 à 999 salariés;41.0
402968655;;2017.0;1 000 à 1 999 salariés;42.0
403080823;;2017.0;500 à 999 salariés;41.0
403119431;;2017.0;500 à 999 salariés;41.0
403147903;GCS - EA GCS - EUROP ASSISTANCE GCS;2017.0;500 à 999 salariés;41.0
403149685;;2017.0;500 à 999 salariés;41.0
403201767;;2017.0;500 à 999 salariés;41.0
403210032;;2017.0;500 à 999 salariés;41.0
403256944;;2017.0;500 à 999 salariés;41.0
403259534;;2017.0;1 000 à 1 999 salariés;42.0
403335904;;2017.0;2 000 à 4 999 salariés;51.0
403335938;;2017.0;1 000 à 1 999 salariés;42.0
404162323;;2017.0;500 à 999 salariés;41.0
404191447;;2017.0;1 000 à 1 999 salariés;42.0
404271470;;2017.0;1 000 à 1 999 salariés;42.0
404432775;;2017.0;500 à 999 salariés;41.0
404536922;;2017.0;500 à 999 salariés;41.0
404907941;;2017.0;500 à 999 salariés;41.0
407794551;;2017.0;500 à 999 salariés;41.0
407985308;;2017.0;1 000 à 1 999 salariés;42.0
407986074;;2017.0;500 à 999 salariés;41.0
407997162;;2017.0;2 000 à 4 999 salariés;51.0
408023398;;2017.0;500 à 999 salariés;41.0
408024719;;2017.0;1 000 à 1 999 salariés;42.0
408127553;;2017.0;500 à 999 salariés;41.0
408457299;;2017.0;2 000 à 4 999 salariés;51.0
409709342;;2017.0;500 à 999 salariés;41.0
409887395;;2017.0;500 à 999 salariés;41.0
410034607;;2017.0;500 à 999 salariés;41.0
410065361;;2017.0;500 à 999 salariés;41.0
410077200;;2017.0;500 à 999 salariés;41.0
410118608;;2017.0;500 à 999 salariés;41.0
410218010;;2017.0;500 à 999 salariés;41.0
410349070;;2017.0;1 000 à 1 999 salariés;42.0
410352777;;2017.0;1 000 à 1 999 salariés;42.0
410355028;;2017.0;500 à 999 salariés;41.0
410409460;AUCHAN FRANCE;2017.0;2 000 à 4 999 salariés;51.0
410436158;;2017.0;1 000 à 1 999 salariés;42.0
410545313;;2017.0;500 à 999 salariés;41.0
411127087;;2017.0;500 à 999 salariés;41.0
411198880;SOFIDEL FRANCE ETABLISSEMENT DE FROUARD;2017.0;500 à 999 salariés;41.0
411381346;;2017.0;1 000 à 1 999 salariés;42.0
412280737;;2017.0;1 000 à 1 999 salariés;42.0
412479347;;2017.0;500 à 999 salariés;41.0
413156795;;2017.0;500 à 999 salariés;41.0
414030064;;2017.0;500 à 999 salariés;41.0
414496315;SONDAGE ET OPINION - ETUDES DE MARCHE - TNS-GLOBAL - TNS-SOFRES;2017.0;500 à 999 salariés;41.0
414572248;"CHAPKA; CHAPKA ASSURANCES";2017.0;500 à 999 salariés;41.0
414702506;;2017.0;500 à 999 salariés;41.0
414725101;;2017.0;2 000 à 4 999 salariés;51.0
414728337;;2017.0;1 000 à 1 999 salariés;42.0
414814798;;2017.0;500 à 999 salariés;41.0
414815217;;2017.0;5 000 à 9 999 salariés;52.0
414819409;;2017.0;500 à 999 salariés;41.0
414842062;;2017.0;500 à 999 salariés;41.0
414916270;;2017.0;500 à 999 salariés;41.0
414967984;;2017.0;2 000 à 4 999 salariés;51.0
414969584;;2017.0;2 000 à 4 999 salariés;51.0
414993998;;2017.0;500 à 999 salariés;41.0
415176072;CREDIT AGRICOLE PCA;2017.0;1 000 à 1 999 salariés;42.0
415183896;;2017.0;500 à 999 salariés;41.0
415381987;;2017.0;500 à 999 salariés;41.0
415550284;;2017.0;1 000 à 1 999 salariés;42.0
415750660;;2017.0;500 à 999 salariés;41.0
417350311;;2017.0;1 000 à 1 999 salariés;42.0
417617479;;2017.0;500 à 999 salariés;41.0
417890589;;2017.0;1 000 à 1 999 salariés;42.0
418827655;;2017.0;1 000 à 1 999 salariés;42.0
418872537;;2017.0;500 à 999 salariés;41.0
419392931;;2017.0;500 à 999 salariés;41.0
419683818;;2017.0;1 000 à 1 999 salariés;42.0
419892336;;2017.0;1 000 à 1 999 salariés;42.0
420418774;;2017.0;500 à 999 salariés;41.0
420495178;SKYTEAM;2017.0;10 000 salariés et plus;53.0
420499311;;2017.0;500 à 999 salariés;41.0
420540643;;2017.0;1 000 à 1 999 salariés;42.0
420559056;;2017.0;2 000 à 4 999 salariés;51.0
420611386;;2017.0;500 à 999 salariés;41.0
420624777;CANAL;2017.0;500 à 999 salariés;41.0
420851651;;2017.0;500 à 999 salariés;41.0
420916918;;2017.0;10 000 salariés et plus;53.0
420929481;;2017.0;500 à 999 salariés;41.0
420937229;;2017.0;500 à 999 salariés;41.0
420956419;;2017.0;500 à 999 salariés;41.0
421100645;;2017.0;500 à 999 salariés;41.0
421106709;;2017.0;500 à 999 salariés;41.0
421131368;;2017.0;500 à 999 salariés;41.0
421162751;;2017.0;500 à 999 salariés;41.0
421174038;;2017.0;2 000 à 4 999 salariés;51.0
421206079;;2017.0;500 à 999 salariés;41.0
421320268;;2017.0;500 à 999 salariés;41.0
421326042;VIVAKI PERFORMANCE GROUPE ZENITHOPIMEDIA ZENITH MEDIA OPTIMEDIA WEBFORMANCE STARCOM WORLDWIDE;2017.0;500 à 999 salariés;41.0
421356593;;2017.0;500 à 999 salariés;41.0
421437591;;2017.0;500 à 999 salariés;41.0
421863259;;2017.0;1 000 à 1 999 salariés;42.0
422101535;;2017.0;500 à 999 salariés;41.0
422868851;;2017.0;500 à 999 salariés;41.0
422883769;PCUBED;2017.0;500 à 999 salariés;41.0
423507029;;2017.0;500 à 999 salariés;41.0
423507730;;2017.0;500 à 999 salariés;41.0
423547439;;2017.0;500 à 999 salariés;41.0
423754241;LE TELEGRAMME;2017.0;500 à 999 salariés;41.0
423868835;;2017.0;500 à 999 salariés;41.0
423888932;;2017.0;500 à 999 salariés;41.0
423959287;;2017.0;500 à 999 salariés;41.0
424059822;CDISCOUNT- CDISCOUNT.COM- CDISCOUNT PRO - 3W REGIE - C LE MARCHE - C LES DEALS - OCEANIC - CONTINEN;2017.0;1 000 à 1 999 salariés;42.0
424210599;;2017.0;500 à 999 salariés;41.0
424623759;;2017.0;500 à 999 salariés;41.0
424704963;;2017.0;1 000 à 1 999 salariés;42.0
424761419;OVH;2017.0;500 à 999 salariés;41.0
424982650;SCC. SCC DIRECT. SCC EXCHANGE. SCC STORE;2017.0;500 à 999 salariés;41.0
425050556;;2017.0;500 à 999 salariés;41.0
425920212;;2017.0;500 à 999 salariés;41.0
428210140;;2017.0;500 à 999 salariés;41.0
428240287;;2017.0;1 000 à 1 999 salariés;42.0
428267249;;2017.0;500 à 999 salariés;41.0
428268023;;2017.0;2 000 à 4 999 salariés;51.0
428286496;;2017.0;500 à 999 salariés;41.0
428610208;;2017.0;500 à 999 salariés;41.0
428637987;;2017.0;500 à 999 salariés;41.0
428677124;;2017.0;1 000 à 1 999 salariés;42.0
428682447;BONNE MAMAN - ANDROS FRANCE - BOIN;2017.0;1 000 à 1 999 salariés;42.0
428688485;;2017.0;500 à 999 salariés;41.0
428689392;;2017.0;2 000 à 4 999 salariés;51.0
428692008;;2017.0;500 à 999 salariés;41.0
428702419;APRIL SANTE PREVOYANCE COLLECTIVES;2017.0;500 à 999 salariés;41.0
428706204;;2017.0;500 à 999 salariés;41.0
428709786;;2017.0;500 à 999 salariés;41.0
428734123;;2017.0;500 à 999 salariés;41.0
428757124;AFD.TECH;2017.0;500 à 999 salariés;41.0
428764500;;2017.0;2 000 à 4 999 salariés;51.0
428764682;;2017.0;500 à 999 salariés;41.0
428785042;;2017.0;1 000 à 1 999 salariés;42.0
428822852;;2017.0;500 à 999 salariés;41.0
428891113;;2017.0;1 000 à 1 999 salariés;42.0
428951057;;2017.0;500 à 999 salariés;41.0
429853351;;2017.0;500 à 999 salariés;41.0
429937519;;2017.0;500 à 999 salariés;41.0
429955297;;2017.0;500 à 999 salariés;41.0
430006643;;2017.0;1 000 à 1 999 salariés;42.0
432123735;;2017.0;500 à 999 salariés;41.0
432513356;;2017.0;2 000 à 4 999 salariés;51.0
432610426;;2017.0;500 à 999 salariés;41.0
432766947;;2017.0;2 000 à 4 999 salariés;51.0
433213519;;2017.0;500 à 999 salariés;41.0
433224847;;2017.0;500 à 999 salariés;41.0
433240991;;2017.0;2 000 à 4 999 salariés;51.0
433250834;;2017.0;500 à 999 salariés;41.0
433313475;;2017.0;500 à 999 salariés;41.0
433623550;;2017.0;500 à 999 salariés;41.0
433736550;BEIJAFLORE;2017.0;500 à 999 salariés;41.0
433891850;;2017.0;500 à 999 salariés;41.0
433900834;;2017.0;1 000 à 1 999 salariés;42.0
434130860;;2017.0;500 à 999 salariés;41.0
434317293;;2017.0;500 à 999 salariés;41.0
434651246;;2017.0;1 000 à 1 999 salariés;42.0
434691192;;2017.0;1 000 à 1 999 salariés;42.0
437574452;;2017.0;1 000 à 1 999 salariés;42.0
437642531;;2017.0;500 à 999 salariés;41.0
437970858;HOPITAL PRIVE MARSEILLE - BEAUREGARD VERT COTEAU;2017.0;500 à 999 salariés;41.0
438277030;;2017.0;500 à 999 salariés;41.0
438313843;;2017.0;500 à 999 salariés;41.0
438420887;;2017.0;500 à 999 salariés;41.0
438834186;;2017.0;500 à 999 salariés;41.0
439067612;;2017.0;2 000 à 4 999 salariés;51.0
439769654;;2017.0;2 000 à 4 999 salariés;51.0
439975640;;2017.0;500 à 999 salariés;41.0
440048882;;2017.0;2 000 à 4 999 salariés;51.0
440056182;;2017.0;2 000 à 4 999 salariés;51.0
440056463;;2017.0;500 à 999 salariés;41.0
440156081;;2017.0;1 000 à 1 999 salariés;42.0
440198687;;2017.0;500 à 999 salariés;41.0
440233104;;2017.0;500 à 999 salariés;41.0
440242469;;2017.0;1 000 à 1 999 salariés;42.0
440305282;;2017.0;500 à 999 salariés;41.0
440310381;;2017.0;500 à 999 salariés;41.0
440319101;;2017.0;1 000 à 1 999 salariés;42.0
440323426;;2017.0;500 à 999 salariés;41.0
440326692;;2017.0;500 à 999 salariés;41.0
440513059;;2017.0;2 000 à 4 999 salariés;51.0
440536555;;2017.0;500 à 999 salariés;41.0
440546018;;2017.0;1 000 à 1 999 salariés;42.0
440658102;;2017.0;500 à 999 salariés;41.0
440676559;;2017.0;1 000 à 1 999 salariés;42.0
440838597;;2017.0;500 à 999 salariés;41.0
441133808;;2017.0;1 000 à 1 999 salariés;42.0
441330636;;2017.0;500 à 999 salariés;41.0
441921913;GROUPE MGEN;2017.0;500 à 999 salariés;41.0
441921962;;2017.0;500 à 999 salariés;41.0
442528873;;2017.0;500 à 999 salariés;41.0
443021241;;2017.0;500 à 999 salariés;41.0
443061841;;2017.0;500 à 999 salariés;41.0
443089990;;2017.0;500 à 999 salariés;41.0
443146873;;2017.0;500 à 999 salariés;41.0
443177233;;2017.0;500 à 999 salariés;41.0
443577739;;2017.0;1 000 à 1 999 salariés;42.0
443782784;;2017.0;500 à 999 salariés;41.0
443982038;FLEX-N-GATE AUDINCOURT;2017.0;500 à 999 salariés;41.0
444030902;;2017.0;500 à 999 salariés;41.0
444159164;;2017.0;1 000 à 1 999 salariés;42.0
444182687;;2017.0;1 000 à 1 999 salariés;42.0
444212955;;2017.0;1 000 à 1 999 salariés;42.0
444454326;;2017.0;500 à 999 salariés;41.0
444495774;;2017.0;500 à 999 salariés;41.0
444502025;;2017.0;2 000 à 4 999 salariés;51.0
444565659;;2017.0;500 à 999 salariés;41.0
444608442;ENEDIS;2017.0;500 à 999 salariés;41.0
444619258;;2017.0;500 à 999 salariés;41.0
444718563;;2017.0;2 000 à 4 999 salariés;51.0
444786511;;2017.0;500 à 999 salariés;41.0
444953830;;2017.0;500 à 999 salariés;41.0
445043326;;2017.0;500 à 999 salariés;41.0
445088057;;2017.0;1 000 à 1 999 salariés;42.0
445174675;;2017.0;2 000 à 4 999 salariés;51.0
445200488;;2017.0;1 000 à 1 999 salariés;42.0
445331192;;2017.0;1 000 à 1 999 salariés;42.0
447754086;;2017.0;500 à 999 salariés;41.0
447982125;MEMOART FRANCE;2017.0;500 à 999 salariés;41.0
448457978;;2017.0;500 à 999 salariés;41.0
448549758;;2017.0;500 à 999 salariés;41.0
448683789;;2017.0;500 à 999 salariés;41.0
448694133;;2017.0;500 à 999 salariés;41.0
448933325;;2017.0;500 à 999 salariés;41.0
449142348;;2017.0;2 000 à 4 999 salariés;51.0
449990712;;2017.0;1 000 à 1 999 salariés;42.0
450046768;;2017.0;500 à 999 salariés;41.0
450314802;;2017.0;500 à 999 salariés;41.0
450547930;HOPITAL PRIVE OCEANE;2017.0;500 à 999 salariés;41.0
451208292;;2017.0;1 000 à 1 999 salariés;42.0
451221295;;2017.0;500 à 999 salariés;41.0
451321335;;2017.0;1 000 à 1 999 salariés;42.0
451375638;;2017.0;1 000 à 1 999 salariés;42.0
451399729;;2017.0;1 000 à 1 999 salariés;42.0
451678973;;2017.0;500 à 999 salariés;41.0
451751564;;2017.0;500 à 999 salariés;41.0
452013667;;2017.0;500 à 999 salariés;41.0
452791262;;2017.0;500 à 999 salariés;41.0
452807100;L'ATELIER TRAITEUR;2017.0;500 à 999 salariés;41.0
453102717;;2017.0;500 à 999 salariés;41.0
453207243;;2017.0;500 à 999 salariés;41.0
453664393;;2017.0;500 à 999 salariés;41.0
453721052;;2017.0;500 à 999 salariés;41.0
456204940;;2017.0;500 à 999 salariés;41.0
456500537;DALKIA DIRECTION REGIONALE ILE-DE-FRANCE;2017.0;2 000 à 4 999 salariés;51.0
456504851;;2017.0;500 à 999 salariés;41.0
458502838;;2017.0;500 à 999 salariés;41.0
458800349;;2017.0;500 à 999 salariés;41.0
466800059;;2017.0;500 à 999 salariés;41.0
475750337;;2017.0;500 à 999 salariés;41.0
477180186;;2017.0;1 000 à 1 999 salariés;42.0
477181010;;2017.0;500 à 999 salariés;41.0
478834930;CREDIT AGRICOLE NORMANDIE;2017.0;1 000 à 1 999 salariés;42.0
478951080;;2017.0;1 000 à 1 999 salariés;42.0
479048597;;2017.0;500 à 999 salariés;41.0
479162695;;2017.0;500 à 999 salariés;41.0
479464166;;2017.0;1 000 à 1 999 salariés;42.0
479766800;;2017.0;1 000 à 1 999 salariés;42.0
479766842;;2017.0;2 000 à 4 999 salariés;51.0
479918526;;2017.0;500 à 999 salariés;41.0
479927915;;2017.0;1 000 à 1 999 salariés;42.0
479942583;;2017.0;2 000 à 4 999 salariés;51.0
480061928;;2017.0;500 à 999 salariés;41.0
480064906;;2017.0;500 à 999 salariés;41.0
480081306;;2017.0;500 à 999 salariés;41.0
480107911;;2017.0;1 000 à 1 999 salariés;42.0
480266014;;2017.0;500 à 999 salariés;41.0
482404761;DESTIA;2017.0;500 à 999 salariés;41.0
482605771;;2017.0;500 à 999 salariés;41.0
483018370;;2017.0;500 à 999 salariés;41.0
483157434;;2017.0;500 à 999 salariés;41.0
483479168;;2017.0;500 à 999 salariés;41.0
483598603;;2017.0;500 à 999 salariés;41.0
483993226;;2017.0;500 à 999 salariés;41.0
483995189;;2017.0;500 à 999 salariés;41.0
484592522;;2017.0;500 à 999 salariés;41.0
484786249;;2017.0;500 à 999 salariés;41.0
484920194;;2017.0;1 000 à 1 999 salariés;42.0
487469330;;2017.0;500 à 999 salariés;41.0
487625436;;2017.0;1 000 à 1 999 salariés;42.0
487706046;;2017.0;500 à 999 salariés;41.0
488404823;AGAP2 - INGEVA;2017.0;500 à 999 salariés;41.0
488488305;;2017.0;500 à 999 salariés;41.0
488727298;;2017.0;500 à 999 salariés;41.0
489332908;;2017.0;500 à 999 salariés;41.0
489952457;;2017.0;500 à 999 salariés;41.0
490225737;S3M SECURITE;2017.0;1 000 à 1 999 salariés;42.0
490381753;;2017.0;500 à 999 salariés;41.0
490657376;;2017.0;1 000 à 1 999 salariés;42.0
491167839;;2017.0;500 à 999 salariés;41.0
491327375;;2017.0;500 à 999 salariés;41.0
491371167;;2017.0;500 à 999 salariés;41.0
491372702;;2017.0;1 000 à 1 999 salariés;42.0
491668893;;2017.0;500 à 999 salariés;41.0
492787957;;2017.0;500 à 999 salariés;41.0
492791306;;2017.0;500 à 999 salariés;41.0
492826417;;2017.0;1 000 à 1 999 salariés;42.0
493371595;;2017.0;500 à 999 salariés;41.0
493373682;;2017.0;500 à 999 salariés;41.0
493378939;;2017.0;2 000 à 4 999 salariés;51.0
493394662;;2017.0;500 à 999 salariés;41.0
493414403;;2017.0;500 à 999 salariés;41.0
493418545;;2017.0;500 à 999 salariés;41.0
493455042;;2017.0;1 000 à 1 999 salariés;42.0
493466395;;2017.0;500 à 999 salariés;41.0
493466783;;2017.0;500 à 999 salariés;41.0
493689566;A-E-C ENVIRONNEMENT;2017.0;1 000 à 1 999 salariés;42.0
494887631;;2017.0;500 à 999 salariés;41.0
494887854;MARS WRIGLEY CONFECTIONERY FRANCE;2017.0;500 à 999 salariés;41.0
496680018;;2017.0;1 000 à 1 999 salariés;42.0
499198059;HOPITAL ROBERT SCHUMAN;2017.0;500 à 999 salariés;41.0
499379923;;2017.0;500 à 999 salariés;41.0
499529121;;2017.0;500 à 999 salariés;41.0
499686533;;2017.0;500 à 999 salariés;41.0
500539507;;2017.0;500 à 999 salariés;41.0
500569405;;2017.0;500 à 999 salariés;41.0
501018279;;2017.0;500 à 999 salariés;41.0
501106520;;2017.0;500 à 999 salariés;41.0
501537039;;2017.0;500 à 999 salariés;41.0
501620819;;2017.0;2 000 à 4 999 salariés;51.0
501639165;;2017.0;500 à 999 salariés;41.0
501651616;APERAM STAINLESS FRANCE;2017.0;500 à 999 salariés;41.0
501735328;;2017.0;1 000 à 1 999 salariés;42.0
502225022;;2017.0;500 à 999 salariés;41.0
503314767;;2017.0;500 à 999 salariés;41.0
504313032;;2017.0;2 000 à 4 999 salariés;51.0
504599010;;2017.0;500 à 999 salariés;41.0
504941337;;2017.0;1 000 à 1 999 salariés;42.0
506950211;;2017.0;500 à 999 salariés;41.0
508513785;;2017.0;1 000 à 1 999 salariés;42.0
509168480;;2017.0;1 000 à 1 999 salariés;42.0
509553459;;2017.0;500 à 999 salariés;41.0
509678959;;2017.0;500 à 999 salariés;41.0
509760948;;2017.0;1 000 à 1 999 salariés;42.0
509873543;;2017.0;500 à 999 salariés;41.0
510557374;;2017.0;500 à 999 salariés;41.0
511070427;;2017.0;500 à 999 salariés;41.0
511278533;;2017.0;500 à 999 salariés;41.0
511302069;;2017.0;500 à 999 salariés;41.0
512696048;;2017.0;500 à 999 salariés;41.0
513676445;;2017.0;500 à 999 salariés;41.0
513852657;;2017.0;500 à 999 salariés;41.0
514368034;;2017.0;500 à 999 salariés;41.0
515450088;SAFRAN SEATS FRANCE;2017.0;1 000 à 1 999 salariés;42.0
518515416;;2017.0;2 000 à 4 999 salariés;51.0
518515564;;2017.0;1 000 à 1 999 salariés;42.0
518720925;;2017.0;500 à 999 salariés;41.0
519029565;;2017.0;500 à 999 salariés;41.0
519029573;;2017.0;500 à 999 salariés;41.0
519032247;;2017.0;500 à 999 salariés;41.0
519319651;;2017.0;500 à 999 salariés;41.0
519512495;;2017.0;500 à 999 salariés;41.0
519587851;;2017.0;500 à 999 salariés;41.0
519881791;;2017.0;1 000 à 1 999 salariés;42.0
520079252;;2017.0;500 à 999 salariés;41.0
520239716;;2017.0;1 000 à 1 999 salariés;42.0
520283110;;2017.0;500 à 999 salariés;41.0
520451907;;2017.0;1 000 à 1 999 salariés;42.0
520563149;;2017.0;500 à 999 salariés;41.0
520807876;;2017.0;2 000 à 4 999 salariés;51.0
524334943;;2017.0;1 000 à 1 999 salariés;42.0
525031522;;2017.0;500 à 999 salariés;41.0
525105607;;2017.0;500 à 999 salariés;41.0
525721189;;2017.0;1 000 à 1 999 salariés;42.0
527860555;;2017.0;500 à 999 salariés;41.0
527866198;;2017.0;500 à 999 salariés;41.0
528365125;;2017.0;500 à 999 salariés;41.0
528449598;;2017.0;500 à 999 salariés;41.0
529075194;;2017.0;500 à 999 salariés;41.0
529219040;;2017.0;500 à 999 salariés;41.0
529221749;;2017.0;1 000 à 1 999 salariés;42.0
531680445;;2017.0;500 à 999 salariés;41.0
532243599;;2017.0;1 000 à 1 999 salariés;42.0
532254307;;2017.0;500 à 999 salariés;41.0
535318935;;2017.0;1 000 à 1 999 salariés;42.0
537443764;;2017.0;500 à 999 salariés;41.0
537978603;;2017.0;500 à 999 salariés;41.0
538329913;;2017.0;500 à 999 salariés;41.0
538330358;;2017.0;500 à 999 salariés;41.0
538567793;;2017.0;500 à 999 salariés;41.0
538700022;;2017.0;1 000 à 1 999 salariés;42.0
538760125;;2017.0;500 à 999 salariés;41.0
542014428;;2017.0;1 000 à 1 999 salariés;42.0
542016381;;2017.0;500 à 999 salariés;41.0
542016951;;2017.0;1 000 à 1 999 salariés;42.0
542016993;;2017.0;500 à 999 salariés;41.0
542029848;;2017.0;1 000 à 1 999 salariés;42.0
542034921;;2017.0;1 000 à 1 999 salariés;42.0
542041421;;2017.0;500 à 999 salariés;41.0
542042486;;2017.0;1 000 à 1 999 salariés;42.0
542044524;;2017.0;1 000 à 1 999 salariés;42.0
542050315;;2017.0;500 à 999 salariés;41.0
542051180;;2017.0;2 000 à 4 999 salariés;51.0
542052766;;2017.0;1 000 à 1 999 salariés;42.0
542055603;;2017.0;500 à 999 salariés;41.0
542065479;;2017.0;5 000 à 9 999 salariés;52.0
542069158;GLASURIT-RM-SALCOMIX-BASLAC;2017.0;500 à 999 salariés;41.0
542073580;;2017.0;500 à 999 salariés;41.0
542074976;;2017.0;1 000 à 1 999 salariés;42.0
542077755;;2017.0;1 000 à 1 999 salariés;42.0
542078555;;2017.0;500 à 999 salariés;41.0
542086616;;2017.0;500 à 999 salariés;41.0
542088067;LA VACHE QUI RIT - FBSA;2017.0;500 à 999 salariés;41.0
542094750;;2017.0;500 à 999 salariés;41.0
542097522;;2017.0;1 000 à 1 999 salariés;42.0
542097902;;2017.0;2 000 à 4 999 salariés;51.0
542104245;;2017.0;500 à 999 salariés;41.0
542107651;ENGIE;2017.0;1 000 à 1 999 salariés;42.0
542107800;;2017.0;500 à 999 salariés;41.0
542110291;;2017.0;1 000 à 1 999 salariés;42.0
542880125;;2017.0;500 à 999 salariés;41.0
545550378;;2017.0;500 à 999 salariés;41.0
545620114;;2017.0;500 à 999 salariés;41.0
546380197;;2017.0;500 à 999 salariés;41.0
546650367;;2017.0;500 à 999 salariés;41.0
546950379;;2017.0;1 000 à 1 999 salariés;42.0
547350249;;2017.0;500 à 999 salariés;41.0
548202985;;2017.0;500 à 999 salariés;41.0
548500149;;2017.0;500 à 999 salariés;41.0
550801195;;2017.0;500 à 999 salariés;41.0
552002313;;2017.0;1 000 à 1 999 salariés;42.0
552003261;;2017.0;500 à 999 salariés;41.0
552012031;;2017.0;1 000 à 1 999 salariés;42.0
552016628;;2017.0;2 000 à 4 999 salariés;51.0
552016834;;2017.0;1 000 à 1 999 salariés;42.0
552018020;;2017.0;1 000 à 1 999 salariés;42.0
552032534;;2017.0;500 à 999 salariés;41.0
552032708;;2017.0;500 à 999 salariés;41.0
552043754;;2017.0;500 à 999 salariés;41.0
552044992;;2017.0;500 à 999 salariés;41.0
552045999;;2017.0;500 à 999 salariés;41.0
552046484;;2017.0;500 à 999 salariés;41.0
552046955;;2017.0;1 000 à 1 999 salariés;42.0
552048027;;2017.0;2 000 à 4 999 salariés;51.0
552048837;;2017.0;1 000 à 1 999 salariés;42.0
552049447;;2017.0;1 000 à 1 999 salariés;42.0
552059024;;2017.0;500 à 999 salariés;41.0
552062663;;2017.0;500 à 999 salariés;41.0
552065187;PCD;2017.0;1 000 à 1 999 salariés;42.0
552069791;;2017.0;500 à 999 salariés;41.0
552081317;;2017.0;2 000 à 4 999 salariés;51.0
552081739;;2017.0;500 à 999 salariés;41.0
552088536;;2017.0;500 à 999 salariés;41.0
552091795;;2017.0;1 000 à 1 999 salariés;42.0
552108011;;2017.0;2 000 à 4 999 salariés;51.0
552111809;;2017.0;1 000 à 1 999 salariés;42.0
552116329;;2017.0;1 000 à 1 999 salariés;42.0
552117590;;2017.0;500 à 999 salariés;41.0
552118465;CIE IBM FRANCE;2017.0;2 000 à 4 999 salariés;51.0
552119216;;2017.0;1 000 à 1 999 salariés;42.0
552120222;;2017.0;10 000 salariés et plus;53.0
552139677;;2017.0;500 à 999 salariés;41.0
552141533;;2017.0;500 à 999 salariés;41.0
558201075;;2017.0;500 à 999 salariés;41.0
559801675;;2017.0;500 à 999 salariés;41.0
562011742;;2017.0;500 à 999 salariés;41.0
562012427;;2017.0;500 à 999 salariés;41.0
562016774;;2017.0;500 à 999 salariés;41.0
562024422;;2017.0;2 000 à 4 999 salariés;51.0
562033068;JANSSEN;2017.0;500 à 999 salariés;41.0
562037838;;2017.0;500 à 999 salariés;41.0
562038893;;2017.0;500 à 999 salariés;41.0
562060269;;2017.0;500 à 999 salariés;41.0
562061630;;2017.0;500 à 999 salariés;41.0
562063057;;2017.0;500 à 999 salariés;41.0
562077792;;2017.0;500 à 999 salariés;41.0
562082909;;2017.0;500 à 999 salariés;41.0
562091132;;2017.0;500 à 999 salariés;41.0
562107003;;2017.0;500 à 999 salariés;41.0
562113530;;2017.0;500 à 999 salariés;41.0
562123513;;2017.0;500 à 999 salariés;41.0
562136036;;2017.0;1 000 à 1 999 salariés;42.0
562880179;;2017.0;500 à 999 salariés;41.0
562880468;;2017.0;500 à 999 salariés;41.0
563820489;;2017.0;500 à 999 salariés;41.0
568500680;;2017.0;1 000 à 1 999 salariés;42.0
568504161;;2017.0;2 000 à 4 999 salariés;51.0
569200959;;2017.0;500 à 999 salariés;41.0
569500994;;2017.0;500 à 999 salariés;41.0
571722669;;2017.0;500 à 999 salariés;41.0
572002186;;2017.0;1 000 à 1 999 salariés;42.0
572008498;;2017.0;500 à 999 salariés;41.0
572025526;;2017.0;500 à 999 salariés;41.0
572028041;;2017.0;1 000 à 1 999 salariés;42.0
572028660;;2017.0;500 à 999 salariés;41.0
572043800;;2017.0;500 à 999 salariés;41.0
572047751;;2017.0;500 à 999 salariés;41.0
572050169;;2017.0;500 à 999 salariés;41.0
572053833;;2017.0;2 000 à 4 999 salariés;51.0
572059939;;2017.0;500 à 999 salariés;41.0
572062594;;2017.0;2 000 à 4 999 salariés;51.0
572067684;;2017.0;1 000 à 1 999 salariés;42.0
572078905;;2017.0;500 à 999 salariés;41.0
572093128;;2017.0;500 à 999 salariés;41.0
572104891;;2017.0;2 000 à 4 999 salariés;51.0
572174415;;2017.0;500 à 999 salariés;41.0
572185684;EASY CLUB MED, CLUB AQUARIUS, CLUB JUNIOR, CLUB RENAISSANCE, CLUB MED BEAUTY, CLUB MEDITERRANNEE, CL;2017.0;2 000 à 4 999 salariés;51.0
572219913;;2017.0;500 à 999 salariés;41.0
572232650;;2017.0;1 000 à 1 999 salariés;42.0
574201919;;2017.0;500 à 999 salariés;41.0
582008728;VALESTIS;2017.0;500 à 999 salariés;41.0
582022265;;2017.0;500 à 999 salariés;41.0
582056149;;2017.0;500 à 999 salariés;41.0
582106985;;2017.0;500 à 999 salariés;41.0
582142816;;2017.0;500 à 999 salariés;41.0
583720644;;2017.0;500 à 999 salariés;41.0
588505354;;2017.0;500 à 999 salariés;41.0
590800215;;2017.0;1 000 à 1 999 salariés;42.0
592052302;;2017.0;500 à 999 salariés;41.0
592780043;;2017.0;500 à 999 salariés;41.0
599815073;;2017.0;500 à 999 salariés;41.0
601650146;;2017.0;500 à 999 salariés;41.0
602020737;;2017.0;500 à 999 salariés;41.0
602025538;;2017.0;500 à 999 salariés;41.0
602033185;;2017.0;500 à 999 salariés;41.0
602036444;ACCOR;2017.0;500 à 999 salariés;41.0
602052359;;2017.0;500 à 999 salariés;41.0
602060147;;2017.0;500 à 999 salariés;41.0
602062481;;2017.0;2 000 à 4 999 salariés;51.0
605520071;;2017.0;2 000 à 4 999 salariés;51.0
609849153;;2017.0;1 000 à 1 999 salariés;42.0
612030619;;2017.0;500 à 999 salariés;41.0
612034496;;2017.0;500 à 999 salariés;41.0
612035832;;2017.0;500 à 999 salariés;41.0
612039495;;2017.0;2 000 à 4 999 salariés;51.0
622009918;;2017.0;500 à 999 salariés;41.0
622028777;;2017.0;500 à 999 salariés;41.0
622037083;;2017.0;500 à 999 salariés;41.0
622044287;;2017.0;500 à 999 salariés;41.0
622044501;;2017.0;500 à 999 salariés;41.0
625780135;;2017.0;500 à 999 salariés;41.0
630800084;;2017.0;500 à 999 salariés;41.0
632012100;"GARNIER; GEMEY PARIS MAYBELLINE NEW YORK; GARNIER MAYBELLINE";2017.0;1 000 à 1 999 salariés;42.0
632013843;;2017.0;500 à 999 salariés;41.0
632049128;;2017.0;500 à 999 salariés;41.0
632050019;;2017.0;500 à 999 salariés;41.0
632050191;;2017.0;500 à 999 salariés;41.0
639804384;;2017.0;500 à 999 salariés;41.0
642007991;;2017.0;500 à 999 salariés;41.0
642041362;;2017.0;500 à 999 salariés;41.0
642044366;CHEQUE CADHOC-REV&SENS-CHEQUE DOMICILIE-UP-LECHEQUE DEJEUNER;2017.0;500 à 999 salariés;41.0
642058739;;2017.0;500 à 999 salariés;41.0
644800161;;2017.0;500 à 999 salariés;41.0
645680026;;2017.0;500 à 999 salariés;41.0
652011404;;2017.0;500 à 999 salariés;41.0
652031857;;2017.0;500 à 999 salariés;41.0
652044827;;2017.0;500 à 999 salariés;41.0
652044991;;2017.0;500 à 999 salariés;41.0
662032234;;2017.0;1 000 à 1 999 salariés;42.0
662042449;HELLO BANK!;2017.0;2 000 à 4 999 salariés;51.0
662043116;;2017.0;1 000 à 1 999 salariés;42.0
662043595;;2017.0;500 à 999 salariés;41.0
662049287;;2017.0;1 000 à 1 999 salariés;42.0
665580072;;2017.0;500 à 999 salariés;41.0
668502966;;2017.0;1 000 à 1 999 salariés;42.0
672006483;;2017.0;1 000 à 1 999 salariés;42.0
672014081;;2017.0;1 000 à 1 999 salariés;42.0
672024155;;2017.0;1 000 à 1 999 salariés;42.0
673620399;BIOMERIEUX;2017.0;1 000 à 1 999 salariés;42.0
675580542;;2017.0;1 000 à 1 999 salariés;42.0
675980114;;2017.0;1 000 à 1 999 salariés;42.0
676250111;;2017.0;500 à 999 salariés;41.0
679801605;;2017.0;500 à 999 salariés;41.0
682780150;;2017.0;1 000 à 1 999 salariés;42.0
691820385;;2017.0;500 à 999 salariés;41.0
692015217;;2017.0;500 à 999 salariés;41.0
692021470;;2017.0;500 à 999 salariés;41.0
692024722;;2017.0;500 à 999 salariés;41.0
692029457;CA-LEASING FACTORING, EUROFACTOR;2017.0;500 à 999 salariés;41.0
695480244;;2017.0;500 à 999 salariés;41.0
696520410;;2017.0;500 à 999 salariés;41.0
698800935;;2017.0;1 000 à 1 999 salariés;42.0
699201323;;2017.0;500 à 999 salariés;41.0
700200983;;2017.0;500 à 999 salariés;41.0
702002221;;2017.0;1 000 à 1 999 salariés;42.0
702012956;;2017.0;2 000 à 4 999 salariés;51.0
702021114;;2017.0;500 à 999 salariés;41.0
702023433;;2017.0;1 000 à 1 999 salariés;42.0
702034398;;2017.0;1 000 à 1 999 salariés;42.0
702038464;DARPHIN - LABORATOIRES DAROLYS-ARTIVAL;2017.0;500 à 999 salariés;41.0
702042755;;2017.0;2 000 à 4 999 salariés;51.0
705580108;;2017.0;500 à 999 salariés;41.0
706580149;;2017.0;500 à 999 salariés;41.0
709200307;;2017.0;500 à 999 salariés;41.0
709800015;FACILITESS;2017.0;500 à 999 salariés;41.0
709806624;;2017.0;500 à 999 salariés;41.0
712002641;;2017.0;500 à 999 salariés;41.0
712009661;;2017.0;500 à 999 salariés;41.0
712019538;;2017.0;1 000 à 1 999 salariés;42.0
712030154;;2017.0;500 à 999 salariés;41.0
712042456;;2017.0;2 000 à 4 999 salariés;51.0
712052141;;2017.0;1 000 à 1 999 salariés;42.0
712052612;;2017.0;500 à 999 salariés;41.0
713002269;;2017.0;1 000 à 1 999 salariés;42.0
720801497;MILICAL;2017.0;500 à 999 salariés;41.0
722000395;;2017.0;1 000 à 1 999 salariés;42.0
722003464;;2017.0;500 à 999 salariés;41.0
722008232;;2017.0;500 à 999 salariés;41.0
722045879;TECHNICATOME;2017.0;500 à 999 salariés;41.0
722055738;;2017.0;500 à 999 salariés;41.0
722057460;;2017.0;5 000 à 9 999 salariés;52.0
722065638;;2017.0;500 à 999 salariés;41.0
723000642;;2017.0;500 à 999 salariés;41.0
723001467;;2017.0;500 à 999 salariés;41.0
732020805;EPARGNE ACTUELLE;2017.0;500 à 999 salariés;41.0
732075312;ACCENTURE;2017.0;2 000 à 4 999 salariés;51.0
732980479;;2017.0;500 à 999 salariés;41.0
738205269;;2017.0;500 à 999 salariés;41.0
745851303;;2017.0;1 000 à 1 999 salariés;42.0
747252120;;2017.0;500 à 999 salariés;41.0
750775660;;2017.0;500 à 999 salariés;41.0
752610147;;2017.0;500 à 999 salariés;41.0
753108950;;2017.0;1 000 à 1 999 salariés;42.0
753188333;;2017.0;500 à 999 salariés;41.0
753201268;;2017.0;500 à 999 salariés;41.0
755501590;;2017.0;500 à 999 salariés;41.0
755802105;;2017.0;500 à 999 salariés;41.0
758501001;;2017.0;1 000 à 1 999 salariés;42.0
760800060;;2017.0;500 à 999 salariés;41.0
767800121;;2017.0;500 à 999 salariés;41.0
775348501;;2017.0;500 à 999 salariés;41.0
775424914;;2017.0;500 à 999 salariés;41.0
775544562;;2017.0;500 à 999 salariés;41.0
775552003;;2017.0;500 à 999 salariés;41.0
775558489;;2017.0;1 000 à 1 999 salariés;42.0
775567761;;2017.0;500 à 999 salariés;41.0
775569726;;2017.0;500 à 999 salariés;41.0
775577018;;2017.0;1 000 à 1 999 salariés;42.0
775590847;C.A.;2017.0;1 000 à 1 999 salariés;42.0
775591076;;2017.0;500 à 999 salariés;41.0
775591563;;2017.0;1 000 à 1 999 salariés;42.0
775602527;;2017.0;500 à 999 salariés;41.0
775615313;;2017.0;500 à 999 salariés;41.0
775616162;;2017.0;500 à 999 salariés;41.0
775630445;;2017.0;1 000 à 1 999 salariés;42.0
775633308;;2017.0;500 à 999 salariés;41.0
775642069;;2017.0;1 000 à 1 999 salariés;42.0
775657612;;2017.0;500 à 999 salariés;41.0
775658354;;2017.0;500 à 999 salariés;41.0
775661390;;2017.0;500 à 999 salariés;41.0
775661796;;2017.0;500 à 999 salariés;41.0
775662257;SANOFI WINTHROP INDUSTRIE;2017.0;1 000 à 1 999 salariés;42.0
775663438;;2017.0;2 000 à 4 999 salariés;51.0
775664873;;2017.0;500 à 999 salariés;41.0
775665433;;2017.0;500 à 999 salariés;41.0
775665599;;2017.0;1 000 à 1 999 salariés;42.0
775665615;;2017.0;2 000 à 4 999 salariés;51.0
775665631;;2017.0;500 à 999 salariés;41.0
775665912;;2017.0;1 000 à 1 999 salariés;42.0
775670284;HSBC - HSBC PRIVATE BANKING;2017.0;2 000 à 4 999 salariés;51.0
775671258;;2017.0;500 à 999 salariés;41.0
775672272;;2017.0;500 à 999 salariés;41.0
775675739;;2017.0;500 à 999 salariés;41.0
775678980;;2017.0;500 à 999 salariés;41.0
775682990;;2017.0;2 000 à 4 999 salariés;51.0
775684897;;2017.0;2 000 à 4 999 salariés;51.0
775685019;;2017.0;5 000 à 9 999 salariés;52.0
775685340;;2017.0;500 à 999 salariés;41.0
775685399;;2017.0;500 à 999 salariés;41.0
775688229;;2017.0;500 à 999 salariés;41.0
775690621;;2017.0;5 000 à 9 999 salariés;52.0
775694995;;2017.0;500 à 999 salariés;41.0
775700198;;2017.0;1 000 à 1 999 salariés;42.0
775701477;;2017.0;1 000 à 1 999 salariés;42.0
775709702;;2017.0;2 000 à 4 999 salariés;51.0
775715592;;2017.0;500 à 999 salariés;41.0
775718216;;2017.0;500 à 999 salariés;41.0
775722879;;2017.0;500 à 999 salariés;41.0
775726417;;2017.0;2 000 à 4 999 salariés;51.0
775729155;;2017.0;1 000 à 1 999 salariés;42.0
775733835;;2017.0;500 à 999 salariés;41.0
775741101;;2017.0;2 000 à 4 999 salariés;51.0
775761067;;2017.0;500 à 999 salariés;41.0
776056467;;2017.0;500 à 999 salariés;41.0
776179335;;2017.0;500 à 999 salariés;41.0
776221467;;2017.0;1 000 à 1 999 salariés;42.0
776283202;;2017.0;500 à 999 salariés;41.0
776916207;;2017.0;1 000 à 1 999 salariés;42.0
776926370;;2017.0;1 000 à 1 999 salariés;42.0
776938599;;2017.0;500 à 999 salariés;41.0
776983546;;2017.0;1 000 à 1 999 salariés;42.0
777380783;;2017.0;500 à 999 salariés;41.0
777456179;;2017.0;1 000 à 1 999 salariés;42.0
777629288;;2017.0;500 à 999 salariés;41.0
777863820;;2017.0;500 à 999 salariés;41.0
777903816;;2017.0;1 000 à 1 999 salariés;42.0
778073387;;2017.0;500 à 999 salariés;41.0
778127613;;2017.0;1 000 à 1 999 salariés;42.0
778134601;;2017.0;1 000 à 1 999 salariés;42.0
778137877;;2017.0;500 à 999 salariés;41.0
778204271;;2017.0;500 à 999 salariés;41.0
778596502;;2017.0;500 à 999 salariés;41.0
778853309;;2017.0;500 à 999 salariés;41.0
778950550;;2017.0;500 à 999 salariés;41.0
778971424;;2017.0;500 à 999 salariés;41.0
779213867;;2017.0;500 à 999 salariés;41.0
779311448;;2017.0;500 à 999 salariés;41.0
779456367;;2017.0;500 à 999 salariés;41.0
779555887;;2017.0;500 à 999 salariés;41.0
779838366;;2017.0;500 à 999 salariés;41.0
779868728;;2017.0;500 à 999 salariés;41.0
779924133;;2017.0;1 000 à 1 999 salariés;42.0
780043295;;2017.0;500 à 999 salariés;41.0
780129987;;2017.0;10 000 salariés et plus;53.0
780254975;;2017.0;500 à 999 salariés;41.0
780503918;;2017.0;500 à 999 salariés;41.0
780864948;;2017.0;1 000 à 1 999 salariés;42.0
780874392;;2017.0;500 à 999 salariés;41.0
780901559;;2017.0;1 000 à 1 999 salariés;42.0
781065396;;2017.0;2 000 à 4 999 salariés;51.0
781112891;;2017.0;500 à 999 salariés;41.0
781446521;;2017.0;500 à 999 salariés;41.0
781452511;;2017.0;1 000 à 1 999 salariés;42.0
781622782;;2017.0;1 000 à 1 999 salariés;42.0
781669601;;2017.0;1 000 à 1 999 salariés;42.0
781831714;;2017.0;500 à 999 salariés;41.0
781903521;;2017.0;500 à 999 salariés;41.0
782021307;;2017.0;1 000 à 1 999 salariés;42.0
782596589;;2017.0;500 à 999 salariés;41.0
782825558;;2017.0;500 à 999 salariés;41.0
782855696;;2017.0;500 à 999 salariés;41.0
782879951;;2017.0;1 000 à 1 999 salariés;42.0
782921233;;2017.0;1 000 à 1 999 salariés;42.0
783336068;;2017.0;500 à 999 salariés;41.0
783441140;;2017.0;500 à 999 salariés;41.0
783697345;;2017.0;500 à 999 salariés;41.0
783712912;;2017.0;500 à 999 salariés;41.0
784257164;;2017.0;1 000 à 1 999 salariés;42.0
784396079;;2017.0;1 000 à 1 999 salariés;42.0
784543480;;2017.0;500 à 999 salariés;41.0
784608416;;2017.0;500 à 999 salariés;41.0
784670630;;2017.0;500 à 999 salariés;41.0
784714008;;2017.0;500 à 999 salariés;41.0
784778029;;2017.0;1 000 à 1 999 salariés;42.0
784824153;;2017.0;1 000 à 1 999 salariés;42.0
785304031;CLAAS TRACTOR SAS;2017.0;500 à 999 salariés;41.0
785423773;;2017.0;500 à 999 salariés;41.0
785433814;;2017.0;1 000 à 1 999 salariés;42.0
785447467;;2017.0;500 à 999 salariés;41.0
785665126;;2017.0;500 à 999 salariés;41.0
785769555;;2017.0;500 à 999 salariés;41.0
786920306;;2017.0;500 à 999 salariés;41.0
788182954;;2017.0;500 à 999 salariés;41.0
788213825;SERIS SECURITY;2017.0;1 000 à 1 999 salariés;42.0
788214963;;2017.0;500 à 999 salariés;41.0
789139789;DATS;2017.0;500 à 999 salariés;41.0
789216702;;2017.0;500 à 999 salariés;41.0
789237641;;2017.0;500 à 999 salariés;41.0
789515160;;2017.0;500 à 999 salariés;41.0
789823580;;2017.0;500 à 999 salariés;41.0
790151716;;2017.0;500 à 999 salariés;41.0
790858294;PRIMARK FRANCE;2017.0;500 à 999 salariés;41.0
791079858;;2017.0;1 000 à 1 999 salariés;42.0
791747819;;2017.0;500 à 999 salariés;41.0
791866890;ING WHOLESALE BANKING;2017.0;500 à 999 salariés;41.0
793618828;;2017.0;500 à 999 salariés;41.0
794030213;;2017.0;1 000 à 1 999 salariés;42.0
795275262;;2017.0;500 à 999 salariés;41.0
797080850;;2017.0;1 000 à 1 999 salariés;42.0
797904968;;2017.0;500 à 999 salariés;41.0
798233011;;2017.0;500 à 999 salariés;41.0
799687454;;2017.0;500 à 999 salariés;41.0
800543431;;2017.0;500 à 999 salariés;41.0
801672791;;2017.0;500 à 999 salariés;41.0
802485920;;2017.0;500 à 999 salariés;41.0
803247956;;2017.0;500 à 999 salariés;41.0
803733625;;2017.0;500 à 999 salariés;41.0
803744507;;2017.0;500 à 999 salariés;41.0
803769827;;2017.0;500 à 999 salariés;41.0
804834711;PORT BOULOGNE CALAIS;2017.0;500 à 999 salariés;41.0
805020740;;2017.0;500 à 999 salariés;41.0
806420360;;2017.0;500 à 999 salariés;41.0
807641360;;2017.0;1 000 à 1 999 salariés;42.0
808227052;;2017.0;2 000 à 4 999 salariés;51.0
808234801;;2017.0;500 à 999 salariés;41.0
808332670;;2017.0;500 à 999 salariés;41.0
811847243;;2017.0;500 à 999 salariés;41.0
812986289;;2017.0;500 à 999 salariés;41.0
813755949;LYON METROPOLE HABITAT;2017.0;500 à 999 salariés;41.0
815243852;CORSICA LINEA;2017.0;500 à 999 salariés;41.0
815371661;;2017.0;500 à 999 salariés;41.0
817439524;;2017.0;500 à 999 salariés;41.0
818336638;;2017.0;500 à 999 salariés;41.0
819779406;;2017.0;500 à 999 salariés;41.0
821649084;;2017.0;500 à 999 salariés;41.0
822947636;;2017.0;500 à 999 salariés;41.0
824455679;;2017.0;500 à 999 salariés;41.0
845420280;;2017.0;500 à 999 salariés;41.0
847150133;;2017.0;500 à 999 salariés;41.0
854800745;;2017.0;500 à 999 salariés;41.0
855200507;;2017.0;10 000 salariés et plus;53.0
857200521;EDEC CSP - EPL;2017.0;500 à 999 salariés;41.0
857500227;;2017.0;500 à 999 salariés;41.0
857800692;;2017.0;500 à 999 salariés;41.0
857802508;;2017.0;1 000 à 1 999 salariés;42.0
867800427;;2017.0;2 000 à 4 999 salariés;51.0
870800299;;2017.0;500 à 999 salariés;41.0
872803390;SIGMA - SIGMA INFORMATIQUE;2017.0;500 à 999 salariés;41.0
876580077;;2017.0;500 à 999 salariés;41.0
886080282;;2017.0;500 à 999 salariés;41.0
916920697;;2017.0;500 à 999 salariés;41.0
925520108;;2017.0;500 à 999 salariés;41.0
927250217;;2017.0;1 000 à 1 999 salariés;42.0
937080414;;2017.0;500 à 999 salariés;41.0
945551018;;2017.0;500 à 999 salariés;41.0
945752137;;2017.0;1 000 à 1 999 salariés;42.0
946750650;;2017.0;500 à 999 salariés;41.0
950308783;;2017.0;500 à 999 salariés;41.0
950344333;;2017.0;1 000 à 1 999 salariés;42.0
950608406;;2017.0;500 à 999 salariés;41.0
954503439;;2017.0;1 000 à 1 999 salariés;42.0
954506077;RENAULT TRUCKS;2017.0;2 000 à 4 999 salariés;51.0
954507976;;2017.0;500 à 999 salariés;41.0
954509741;;2017.0;1 000 à 1 999 salariés;42.0
955500293;;2017.0;1 000 à 1 999 salariés;42.0
956501258;;2017.0;500 à 999 salariés;41.0
956512495;;2017.0;500 à 999 salariés;41.0
957520901;;2017.0;500 à 999 salariés;41.0
967501685;;2017.0;500 à 999 salariés;41.0
967504697;;2017.0;1 000 à 1 999 salariés;42.0
967505967;;2017.0;500 à 999 salariés;41.0
968502559;;2017.0;500 à 999 salariés;41.0
968802249;;2017.0;500 à 999 salariés;41.0
969510940;;2017.0;500 à 999 salariés;41.0
971204052;;2017.0;500 à 999 salariés;41.0
976950311;;2017.0;500 à 999 salariés;41.0
997556303;;2017.0;500 à 999 salariés;41.0
998348601;;2017.0;1 000 à 1 999 salariés;42.0
